腿,date,side,why,price,amount,frac
沪深300,20081103,买,锚买(收盘/中位线=0.99),1653.542,20.710644370374943,0.2
沪深300,20090401,卖,卖出闸(收盘/中位线=1.31),2548.222,1.5958264023159252,0.05
沪深300,20090504,卖,卖出闸(收盘/中位线=1.36),2714.301,1.6148418543011132,0.05
沪深300,20090601,卖,卖出闸(收盘/中位线=1.41),2858.342,1.6155105055524113,0.05
沪深300,20090701,卖,卖出闸(收盘/中位线=1.59),3237.903,1.738533386430555,0.05
沪深300,20090803,卖,卖出闸(收盘/中位线=1.83),3787.033,1.9317098568775994,0.05
沪深300,20090901,卖,卖出闸(收盘/中位线=1.35),2843.7,1.3780030842093767,0.05
沪深300,20091009,卖,卖出闸(收盘/中位线=1.40),3163.708,1.4564192469180943,0.05
沪深300,20091102,卖,卖出闸(收盘/中位线=1.49),3392.803,1.4837894049297151,0.05
沪深300,20091201,卖,卖出闸(收盘/中位线=1.57),3560.831,1.4794101352238898,0.05
沪深300,20100104,卖,卖出闸(收盘/中位线=1.56),3535.229,1.3953346655009873,0.05
沪深300,20100201,卖,卖出闸(收盘/中位线=1.38),3152.707,1.1821376490474138,0.05
沪深300,20100301,卖,卖出闸(收盘/中位线=1.40),3324.423,1.1841979956196986,0.05
沪深300,20100401,卖,卖出闸(收盘/中位线=1.40),3391.935,1.1478342247237152,0.05
沪深300,20110822,买,锚买(收盘/中位线=0.99),2777.787,21.502267241547653,0.2
沪深300,20110905,买,锚买(收盘/中位线=0.99),2743.817,17.214875493076274,0.2
沪深300,20110913,买,锚买(收盘/中位线=0.97),2720.283,13.777875019250159,0.2
沪深300,20110919,买,锚买(收盘/中位线=0.97),2679.27,11.025886151000615,0.2
沪深300,20110926,买,锚买(收盘/中位线=0.95),2610.919,8.824057160438668,0.2
沪深300,20111010,买,锚买(收盘/中位线=0.92),2557.082,7.0646059624457695,0.2
沪深300,20111017,买,锚买(收盘/中位线=0.94),2666.951,5.653830084481689,0.2
沪深300,20111024,买,锚买(收盘/中位线=0.89),2576.669,4.524780970674781,0.2
沪深300,20111031,买,锚买(收盘/中位线=0.96),2695.307,3.6211988203847003,0.2
沪深300,20111107,买,锚买(收盘/中位线=0.99),2736.248,2.89805870864065,0.2
沪深300,20111114,买,锚买(收盘/中位线=0.96),2750.195,2.3193270227111324,0.2
沪深300,20111121,买,锚买(收盘/中位线=0.93),2609.687,1.8561659300550426,0.2
沪深300,20111128,买,锚买(收盘/中位线=0.92),2573.321,1.4854964074318948,0.2
沪深300,20111205,买,锚买(收盘/中位线=0.92),2521.385,1.188848227823915,0.2
沪深300,20111212,买,锚买(收盘/中位线=0.90),2477.692,0.9514396007483183,0.2
沪深300,20111219,买,锚买(收盘/中位线=0.86),2384.408,0.7614406050207762,0.2
沪深300,20111226,买,锚买(收盘/中位线=0.85),2335.702,0.6093837112922278,0.2
沪深300,20120104,买,锚买(收盘/中位线=0.84),2298.753,0.4877449059826652,0.2
沪深300,20120109,买,锚买(收盘/中位线=0.82),2368.57,0.39030171468185615,0.2
沪深300,20120116,买,锚买(收盘/中位线=0.86),2345.649,0.3123598949783615,0.2
沪深300,20120130,买,锚买(收盘/中位线=0.90),2460.72,0.2500776611450878,0.2
沪深300,20120206,买,锚买(收盘/中位线=0.91),2504.322,0.2001380701988117,0.2
沪深300,20120213,买,锚买(收盘/中位线=0.92),2531.981,0.16017123224639238,0.2
沪深300,20120220,买,锚买(收盘/中位线=0.92),2540.706,0.1281856251229112,0.2
沪深300,20120227,买,锚买(收盘/中位线=0.96),2656.573,0.10258742632930964,0.2
沪深300,20120305,买,锚买(收盘/中位线=0.97),2662.698,0.08210109386899188,0.2
沪深300,20120312,买,锚买(收盘/中位线=0.97),2654.402,0.06570580679982611,0.2
沪深300,20120319,买,锚买(收盘/中位线=0.95),2630.013,0.05258459837459761,0.2
沪深300,20150105,卖,卖出闸(收盘/中位线=1.40),3641.541,8.472572880133677,0.05
沪深300,20150202,卖,卖出闸(收盘/中位线=1.36),3353.96,7.413300306161729,0.05
沪深300,20150302,卖,卖出闸(收盘/中位线=1.41),3601.265,7.5619255986106095,0.05
沪深300,20150401,卖,卖出闸(收盘/中位线=1.60),4123.895,8.22637540091001,0.05
沪深300,20150504,卖,卖出闸(收盘/中位线=1.87),4787.741,9.07308916665237,0.05
沪深300,20150601,卖,卖出闸(收盘/中位线=1.90),5076.179,9.138713530711843,0.05
沪深300,20150701,卖,卖出闸(收盘/中位线=1.75),4253.021,7.2739325250639375,0.05
沪深300,20150803,卖,卖出闸(收盘/中位线=1.49),3829.2354,6.2216762922348385,0.05
沪深300,20150901,卖,卖出闸(收盘/中位线=1.31),3362.0827,5.1895218339846,0.05
沪深300,20151102,卖,卖出闸(收盘/中位线=1.37),3475.9623,5.097034982946571,0.05
沪深300,20151201,卖,卖出闸(收盘/中位线=1.38),3591.696,5.003405863206226,0.05
沪深300,20160104,卖,卖出闸(收盘/中位线=1.44),3469.0662,4.590947802008862,0.05
沪深300,20161201,卖,卖出闸(收盘/中位线=1.32),3565.036,4.482056144926938,0.05
沪深300,20170703,卖,卖出闸(收盘/中位线=1.34),3650.8463,4.360442135351182,0.05
沪深300,20170801,卖,卖出闸(收盘/中位线=1.36),3770.3828,4.2780517016416715,0.05
沪深300,20170901,卖,卖出闸(收盘/中位线=1.38),3830.5383,4.128991583531695,0.05
沪深300,20171009,卖,卖出闸(收盘/中位线=1.38),3882.2076,3.9754523223607086,0.05
沪深300,20171101,卖,卖出闸(收盘/中位线=1.44),3996.6221,3.887984140413041,0.05
沪深300,20171201,卖,卖出闸(收盘/中位线=1.43),3998.1365,3.6949845065527156,0.05
沪深300,20180102,卖,卖出闸(收盘/中位线=1.43),4087.4012,3.5886068173914842,0.05
沪深300,20180201,卖,卖出闸(收盘/中位线=1.51),4245.8978,3.54137364873214,0.05
沪深300,20180301,卖,卖出闸(收盘/中位线=1.42),4049.0863,3.2083582294536637,0.05
沪深300,20180402,卖,卖出闸(收盘/中位线=1.37),3886.9189,2.9258691838779245,0.05
沪深300,20180502,卖,卖出闸(收盘/中位线=1.31),3763.6461,2.6914220762006935,0.05
沪深300,20180601,卖,卖出闸(收盘/中位线=1.32),3770.5891,2.5615677326358126,0.05
沪深300,20180807,买,恐慌抢买(fear=83),3368.8695,68.48543509877332,0.5
沪深300,20181009,买,恐慌抢买(fear=80),3288.6906,34.3598786038853,0.5
沪深300,20190401,卖,卖出闸(收盘/中位线=1.30),3973.928,8.679960483250275,0.05
沪深300,20190506,卖,卖出闸(收盘/中位线=1.31),3684.6168,7.645637215602315,0.05
沪深300,20200102,卖,卖出闸(收盘/中位线=1.33),4152.2408,8.185166080008974,0.05
沪深300,20200203,卖,卖出闸(收盘/中位线=1.30),3688.3578,6.907193363574122,0.05
沪深300,20200701,卖,卖出闸(收盘/中位线=1.34),4247.7835,7.5570892013363435,0.05
沪深300,20200803,卖,卖出闸(收盘/中位线=1.50),4771.3108,8.064055114097624,0.05
沪深300,20200901,卖,卖出闸(收盘/中位线=1.54),4842.1223,7.774547833182674,0.05
沪深300,20201009,卖,卖出闸(收盘/中位线=1.47),4681.1412,7.140271604585046,0.05
沪深300,20201102,卖,卖出闸(收盘/中位线=1.50),4720.8313,6.840771390821322,0.05
沪深300,20201201,卖,卖出闸(收盘/中位线=1.58),5067.0983,6.975406647313026,0.05
沪深300,20210104,卖,卖出闸(收盘/中位线=1.65),5267.7181,6.889002342497595,0.05
沪深300,20210201,卖,卖出闸(收盘/中位线=1.70),5417.6484,6.730823901246144,0.05
沪深300,20210301,卖,卖出闸(收盘/中位线=1.69),5418.7837,6.395622665631248,0.05
沪深300,20210401,卖,卖出闸(收盘/中位线=1.59),5110.7768,5.730487072958684,0.05
沪深300,20210506,卖,卖出闸(收盘/中位线=1.62),5061.1244,5.3910733396523955,0.05
沪深300,20210601,卖,卖出闸(收盘/中位线=1.68),5341.6798,5.4054229887735525,0.05
沪深300,20210701,卖,卖出闸(收盘/中位线=1.65),5229.6642,5.02746715288583,0.05
沪深300,20210802,卖,卖出闸(收盘/中位线=1.51),4933.736,4.505831540189484,0.05
沪深300,20210901,卖,卖出闸(收盘/中位线=1.51),4869.4587,4.224772578914758,0.05
沪深300,20211008,卖,卖出闸(收盘/中位线=1.53),4929.9409,4.0633849453309505,0.05
沪深300,20211101,卖,卖出闸(收盘/中位线=1.54),4890.6851,3.8294778335597637,0.05
沪深300,20211201,卖,卖出闸(收盘/中位线=1.51),4843.851,3.603165747041857,0.05
沪深300,20220104,卖,卖出闸(收盘/中位线=1.54),4917.7653,3.475240528022739,0.05
沪深300,20220207,卖,卖出闸(收盘/中位线=1.42),4634.0899,3.1110366693245406,0.05
沪深300,20220301,卖,卖出闸(收盘/中位线=1.43),4619.6862,2.946298584005441,0.05
沪深300,20220401,卖,卖出闸(收盘/中位线=1.31),4276.158,2.590846180713392,0.05
沪深300,20220701,卖,卖出闸(收盘/中位线=1.39),4466.7179,2.5709878028272537,0.05
沪深300,20240115,买,锚买(收盘/中位线=0.99),3280.9195,40.02749810851428,0.2
沪深300,20240122,买,锚买(收盘/中位线=0.99),3218.9016,32.0341536690751,0.2
沪深300,20240123,买,恐慌抢买(fear=78),3231.9329,64.0717810005875,0.5
沪深300,20240205,买,锚买(收盘/中位线=0.96),3200.4218,12.82339115090238,0.2
沪深300,20240812,买,锚买(收盘/中位线=1.00),3325.8645,10.364373811039783,0.2
沪深300,20240826,买,锚买(收盘/中位线=1.00),3324.2231,8.297794958849567,0.2
沪深300,20240902,买,锚买(收盘/中位线=0.99),3265.011,6.640755765090461,0.2
沪深300,20240909,买,锚买(收盘/中位线=0.97),3192.9516,5.314621215670086,0.2
沪深300,20240918,买,锚买(收盘/中位线=0.95),3171.0102,4.253772093240957,0.2
沪深300,20240923,买,锚买(收盘/中位线=0.96),3212.7639,3.4039403005405884,0.2
沪深300,20250408,买,恐慌抢买(fear=87),3650.759,6.880983077544579,0.5
沪深300,20250901,卖,卖出闸(收盘/中位线=1.33),4523.7111,15.949734642169325,0.05
沪深300,20251009,卖,卖出闸(收盘/中位线=1.37),4709.482,15.774490725539312,0.05
沪深300,20251103,卖,卖出闸(收盘/中位线=1.37),4653.4028,14.807319859224162,0.05
沪深300,20251201,卖,卖出闸(收盘/中位线=1.33),4576.4856,13.834437845100522,0.05
沪深300,20260105,卖,卖出闸(收盘/中位线=1.36),4717.7457,13.54838561556017,0.05
沪深300,20260202,卖,卖出闸(收盘/中位线=1.38),4605.9799,12.566046582710742,0.05
沪深300,20260302,卖,卖出闸(收盘/中位线=1.38),4728.6688,12.255728426921788,0.05
沪深300,20260401,卖,卖出闸(收盘/中位线=1.30),4526.0668,11.14409477478346,0.05
沪深300,20260506,卖,卖出闸(收盘/中位线=1.41),4877.0932,11.407973343199297,0.05
沪深300,20260601,卖,卖出闸(收盘/中位线=1.43),4844.2556,10.764604993569062,0.05
沪深300,20260701,卖,卖出闸(收盘/中位线=1.45),4958.9773,10.468555832654006,0.05
创业板,20120702,买,锚买(收盘/中位线=0.80),741.186,20.006507054962178,0.2
创业板,20120709,买,锚买(收盘/中位线=0.81),722.281,16.011281035917882,0.2
创业板,20120716,买,锚买(收盘/中位线=0.80),691.385,12.813886987211934,0.2
创业板,20120723,买,锚买(收盘/中位线=0.78),704.573,10.25500079304719,0.2
创业板,20120730,买,锚买(收盘/中位线=0.78),688.474,8.207114778704668,0.2
创业板,20120806,买,锚买(收盘/中位线=0.80),730.419,6.568184084051939,0.2
创业板,20120813,买,锚买(收盘/中位线=0.83),727.637,5.2565418329390265,0.2
创业板,20120820,买,锚买(收盘/中位线=0.81),730.866,4.206829724600556,0.2
创业板,20120827,买,锚买(收盘/中位线=0.82),722.574,3.366741271016929,0.2
创业板,20120903,买,锚买(收盘/中位线=0.79),723.871,2.6944153978195424,0.2
创业板,20120910,买,锚买(收盘/中位线=0.85),762.313,2.156350533527689,0.2
创业板,20120917,买,锚买(收盘/中位线=0.84),724.145,1.725735247507879,0.2
创业板,20120924,买,锚买(收盘/中位线=0.78),690.338,1.3811122534048053,0.2
创业板,20121008,买,锚买(收盘/中位线=0.78),690.767,1.1057287688428177,0.2
创业板,20121015,买,锚买(收盘/中位线=0.80),701.964,0.8849187926110624,0.2
创业板,20121022,买,锚买(收盘/中位线=0.82),724.278,0.7082037580841287,0.2
创业板,20121029,买,锚买(收盘/中位线=0.78),688.12,0.566778067267156,0.2
创业板,20121105,买,锚买(收盘/中位线=0.80),692.868,0.4535945677612916,0.2
创业板,20121112,买,锚买(收盘/中位线=0.77),676.597,0.3630133976330665,0.2
创业板,20121119,买,锚买(收盘/中位线=0.75),656.936,0.29052095467433514,0.2
创业板,20121126,买,锚买(收盘/中位线=0.75),638.878,0.23250498646940018,0.2
创业板,20121203,买,锚买(收盘/中位线=0.70),593.66,0.1860745941501325,0.2
创业板,20121210,买,锚买(收盘/中位线=0.74),646.319,0.1489161807404648,0.2
创业板,20121217,买,锚买(收盘/中位线=0.76),649.612,0.11917816608770498,0.2
创业板,20121224,买,锚买(收盘/中位线=0.78),679.759,0.09537872379887802,0.2
创业板,20121231,买,锚买(收盘/中位线=0.83),713.863,0.0763319427722018,0.2
创业板,20130107,买,锚买(收盘/中位线=0.83),718.114,0.06108873399968089,0.2
创业板,20131008,卖,卖出闸(收盘/中位线=1.55),1387.663,9.67588321208225,0.05
创业板,20131202,卖,卖出闸(收盘/中位线=1.53),1253.929,8.306214860690911,0.05
创业板,20140102,卖,卖出闸(收盘/中位线=1.46),1333.003,8.388512317322819,0.05
创业板,20140207,卖,卖出闸(收盘/中位线=1.65),1532.687,9.16285678966629,0.05
创业板,20140303,卖,卖出闸(收盘/中位线=1.58),1465.139,8.321083099326302,0.05
创业板,20140401,卖,卖出闸(收盘/中位线=1.45),1355.051,7.311058797891493,0.05
创业板,20140701,卖,卖出闸(收盘/中位线=1.50),1411.736,7.236052855534691,0.05
创业板,20140901,卖,卖出闸(收盘/中位线=1.50),1452.843,7.074414976917716,0.05
创业板,20141008,卖,卖出闸(收盘/中位线=1.59),1557.568,7.205140725755902,0.05
创业板,20141103,卖,卖出闸(收盘/中位线=1.55),1529.892,6.723258822374202,0.05
创业板,20141201,卖,卖出闸(收盘/中位线=1.59),1552.306,6.480671353957135,0.05
创业板,20150105,卖,卖出闸(收盘/中位线=1.48),1464.774,5.809475036964456,0.05
创业板,20150202,卖,卖出闸(收盘/中位线=1.68),1696.829,6.39334220270328,0.05
创业板,20150302,卖,卖出闸(收盘/中位线=1.91),1986.986,7.112270816612369,0.05
创业板,20150401,卖,卖出闸(收盘/中位线=2.30),2404.909,8.177785798411772,0.05
创业板,20150504,卖,卖出闸(收盘/中位线=2.80),2845.252,9.191394904579571,0.05
创业板,20150601,卖,卖出闸(收盘/中位线=3.45),3718.753,11.412521986386619,0.05
创业板,20150701,卖,卖出闸(收盘/中位线=2.77),2759.408,8.044958685328274,0.05
创业板,20150803,卖,卖出闸(收盘/中位线=2.45),2399.273,6.645247658857422,0.05
创业板,20150901,卖,卖出闸(收盘/中位线=1.90),1889.491,4.971643019353388,0.05
创业板,20151008,卖,卖出闸(收盘/中位线=1.96),2190.311,5.475004736034621,0.05
创业板,20151102,卖,卖出闸(收盘/中位线=2.32),2432.038,5.775275104679363,0.05
创业板,20151201,卖,卖出闸(收盘/中位线=2.49),2655.345,5.990276664753214,0.05
创业板,20160104,卖,卖出闸(收盘/中位线=2.51),2491.24,5.339063660799183,0.05
创业板,20160201,卖,卖出闸(收盘/中位线=1.83),1992.695,4.0570836966644785,0.05
创业板,20160301,卖,卖出闸(收盘/中位线=1.71),1934.919,3.742480365938099,0.05
创业板,20160401,卖,卖出闸(收盘/中位线=2.02),2205.369,4.05230021155465,0.05
创业板,20160503,卖,卖出闸(收盘/中位线=1.91),2217.23,3.8703897253303423,0.05
创业板,20160601,卖,卖出闸(收盘/中位线=1.90),2168.82,3.5965911122826255,0.05
创业板,20160701,卖,卖出闸(收盘/中位线=1.93),2211.177,3.4834908238533258,0.05
创业板,20160801,卖,卖出闸(收盘/中位线=1.82),2099.179,3.1416965918690907,0.05
创业板,20160901,卖,卖出闸(收盘/中位线=1.86),2181.326,3.101408330093653,0.05
创业板,20161010,卖,卖出闸(收盘/中位线=1.79),2208.469,2.9830002235731476,0.05
创业板,20161101,卖,卖出闸(收盘/中位线=1.78),2176.447,2.7927604114956344,0.05
创业板,20161201,卖,卖出闸(收盘/中位线=1.79),2181.929,2.659805033294881,0.05
创业板,20170103,卖,卖出闸(收盘/中位线=1.59),1963.255,2.2735761585776966,0.05
创业板,20170203,卖,卖出闸(收盘/中位线=1.52),1876.7607,2.0647396612930105,0.05
创业板,20170301,卖,卖出闸(收盘/中位线=1.53),1931.9682,2.019202980194557,0.05
创业板,20170405,卖,卖出闸(收盘/中位线=1.50),1943.1602,1.9293553193544692,0.05
创业板,20170502,卖,卖出闸(收盘/中位线=1.45),1850.8493,1.7458152164523393,0.05
创业板,20180212,买,恐慌抢买(fear=79),1648.0721,118.51249670253206,0.5
创业板,20180620,买,恐慌抢买(fear=80),1563.7925,59.66890089372285,0.5
创业板,20180807,买,恐慌抢买(fear=83),1479.4408,29.912192694983172,0.5
创业板,20181009,买,恐慌抢买(fear=80),1345.9527,15.007268454866768,0.5
创业板,20181015,买,锚买(收盘/中位线=0.89),1250.2184,3.002430222180033,0.2
创业板,20181022,买,锚买(收盘/中位线=0.88),1314.9449,2.4028559281233686,0.2
创业板,20181029,买,锚买(收盘/中位线=0.89),1250.4796,1.9230144196741332,0.2
创业板,20190102,买,锚买(收盘/中位线=0.89),1228.7668,1.5438425875124828,0.2
创业板,20190107,买,锚买(收盘/中位线=0.89),1268.0583,1.2354089232177676,0.2
创业板,20200204,买,恐慌抢买(fear=90),1882.691,2.5240287790483626,0.5
创业板,20200701,卖,卖出闸(收盘/中位线=1.61),2419.6294,20.40891917660428,0.05
创业板,20200803,卖,卖出闸(收盘/中位线=1.84),2868.8821,22.988331915954326,0.05
创业板,20200901,卖,卖出闸(收盘/中位线=1.79),2750.4235,20.937167794754885,0.05
创业板,20201009,卖,卖出闸(收盘/中位线=1.69),2672.9344,19.329929458250284,0.05
创业板,20201102,卖,卖出闸(收盘/中位线=1.73),2708.3878,18.607002799472518,0.05
创业板,20201201,卖,卖出闸(收盘/中位线=1.71),2698.4431,17.61174725426006,0.05
创业板,20210104,卖,卖出闸(收盘/中位线=1.92),3078.1113,19.085217073607286,0.05
创业板,20210201,卖,卖出闸(收盘/中位线=2.02),3159.9933,18.613264626773695,0.05
创业板,20210301,卖,卖出闸(收盘/中位线=1.88),2994.7508,16.757942073820256,0.05
创业板,20210401,卖,卖出闸(收盘/中位线=1.77),2815.4134,14.966690362852384,0.05
创业板,20210506,卖,卖出闸(收盘/中位线=1.97),3014.8116,15.225353453797869,0.05
创业板,20210601,卖,卖出闸(收盘/中位线=2.09),3300.1588,15.83308886514778,0.05
创业板,20210701,卖,卖出闸(收盘/中位线=2.18),3455.3587,15.748803145520885,0.05
创业板,20210802,卖,卖出闸(收盘/中位线=2.14),3493.3591,15.125900979075867,0.05
创业板,20210901,卖,卖出闸(收盘/中位线=1.98),3186.8498,13.10880859184741,0.05
创业板,20211008,卖,卖出闸(收盘/中位线=2.00),3243.2037,12.673584334375516,0.05
创业板,20211101,卖,卖出闸(收盘/中位线=2.05),3331.9148,12.369231711260147,0.05
创业板,20211201,卖,卖出闸(收盘/中位线=2.12),3473.3664,12.249631992006583,0.05
创业板,20220104,卖,卖出闸(收盘/中位线=2.00),3250.159,10.889317372976464,0.05
创业板,20220207,卖,卖出闸(收盘/中位线=1.74),2917.8638,9.287197248150989,0.05
创业板,20220301,卖,卖出闸(收盘/中位线=1.72),2885.7862,8.72584332847287,0.05
创业板,20220401,卖,卖出闸(收盘/中位线=1.58),2666.9696,7.660990598274383,0.05
创业板,20220701,卖,卖出闸(收盘/中位线=1.66),2781.943,7.5916940371343085,0.05
创业板,20220801,卖,卖出闸(收盘/中位线=1.57),2733.7356,7.087133000546989,0.05
创业板,20220901,卖,卖出闸(收盘/中位线=1.50),2533.8543,6.24049901047581,0.05
创业板,20230201,卖,卖出闸(收盘/中位线=1.48),2613.6891,6.115264018980625,0.05
创业板,20240123,买,恐慌抢买(fear=78),1687.6136,194.0664897796644,0.5
创业板,20240205,买,锚买(收盘/中位线=0.86),1562.6096,38.84066384395365,0.2
创业板,20240812,买,锚买(收盘/中位线=0.89),1592.3944,31.39256647562723,0.2
创业板,20240819,买,锚买(收盘/中位线=0.89),1589.2872,25.12358618619205,0.2
创业板,20240826,买,锚买(收盘/中位线=0.86),1545.3094,20.106498248401294,0.2
创业板,20240902,买,锚买(收盘/中位线=0.88),1536.9499,16.091304355074605,0.2
创业板,20240909,买,锚买(收盘/中位线=0.86),1539.0381,12.877929943282439,0.2
创业板,20240918,买,锚买(收盘/中位线=0.86),1533.4726,10.307372207435884,0.2
创业板,20240923,买,锚买(收盘/中位线=0.86),1530.5062,8.24813339325642,0.2
创业板,20250408,买,恐慌抢买(fear=87),1840.3123,16.673402377625212,0.5
创业板,20250901,卖,卖出闸(收盘/中位线=1.58),2956.3748,40.331865237625294,0.05
创业板,20251009,卖,卖出闸(收盘/中位线=1.77),3261.822,42.27393531647792,0.05
创业板,20251103,卖,卖出闸(收盘/中位线=1.74),3196.8709,39.36054694573892,0.05
创业板,20251201,卖,卖出闸(收盘/中位线=1.66),3092.4985,36.17171740323744,0.05
创业板,20260105,卖,卖出闸(收盘/中位线=1.74),3294.5513,36.608295740277676,0.05
创业板,20260202,卖,卖出闸(收盘/中位线=1.81),3264.1109,34.4565465708337,0.05
创业板,20260302,卖,卖出闸(收盘/中位线=1.79),3294.1611,33.03507383474006,0.05
创业板,20260401,卖,卖出闸(收盘/中位线=1.72),3247.5229,30.939000172891884,0.05
创业板,20260506,卖,卖出闸(收盘/中位线=1.98),3778.1595,34.19463294701554,0.05
创业板,20260601,卖,卖出闸(收盘/中位线=2.17),3950.9432,33.970508627965984,0.05
创业板,20260701,卖,卖出闸(收盘/中位线=2.33),4260.7208,34.802299881928555,0.05
科创50,20231218,买,深回撤阶梯L50(距峰-51%),840.6807,32.45008538882321,0.3
科创50,20240122,买,深回撤阶梯L55(距峰-56%),742.2271,26.551238456274856,0.35
科创50,20240205,买,深回撤阶梯L60(距峰-61%),676.7932,19.738753818718145,0.4
科创50,20250408,买,恐慌抢买(fear=87),940.0905,15.151606276496878,0.5
科创50,20251009,卖,卖出闸(收盘/中位线=1.42),1539.081,9.20789551224545,0.05
科创50,20251103,卖,卖出闸(收盘/中位线=1.34),1400.8585,7.961901134942767,0.05
科创50,20260202,卖,卖出闸(收盘/中位线=1.41),1450.8976,7.833987576703463,0.05
科创50,20260302,卖,卖出闸(收盘/中位线=1.39),1464.7717,7.513454523242352,0.05
科创50,20260506,卖,卖出闸(收盘/中位线=1.45),1656.946,8.074240509660928,0.05
科创50,20260601,卖,卖出闸(收盘/中位线=1.61),1663.6935,7.701764801442893,0.05
科创50,20260701,卖,卖出闸(收盘/中位线=2.02),2153.0431,9.4687633181178,0.05
红利,20110822,买,锚买(收盘/中位线=0.99),2724.363,21.890597214269462,0.2
红利,20110905,买,锚买(收盘/中位线=0.99),2693.57,17.525775364961344,0.2
红利,20110913,买,锚买(收盘/中位线=0.98),2691.593,14.026702818211362,0.2
红利,20110919,买,锚买(收盘/中位线=0.98),2656.135,11.22501315561614,0.2
红利,20110926,买,锚买(收盘/中位线=0.96),2623.655,8.983419233187336,0.2
红利,20111010,买,锚买(收盘/中位线=0.94),2583.162,7.192192426229735,0.2
红利,20111017,买,锚买(收盘/中位线=0.96),2656.82,5.7559379997920415,0.2
红利,20111024,买,锚买(收盘/中位线=0.91),2561.239,4.606498310115114,0.2
红利,20111031,买,锚买(收盘/中位线=0.98),2673.532,3.6865975071065855,0.2
红利,20111107,买,锚买(收盘/中位线=1.00),2723.134,2.9503975176894963,0.2
红利,20111114,买,锚买(收盘/中位线=0.98),2752.09,2.361213963718082,0.2
红利,20111121,买,锚买(收盘/中位线=0.95),2619.686,1.8896882027013722,0.2
红利,20111128,买,锚买(收盘/中位线=0.94),2575.374,1.5123244052842197,0.2
红利,20111205,买,锚买(收盘/中位线=0.93),2512.21,1.2103187729852718,0.2
红利,20111212,买,锚买(收盘/中位线=0.91),2479.999,0.9686225568549709,0.2
红利,20111219,买,锚买(收盘/中位线=0.88),2390.877,0.7751921878680788,0.2
红利,20111226,买,锚买(收盘/中位线=0.87),2357.666,0.6203891535241969,0.2
红利,20120104,买,锚买(收盘/中位线=0.87),2321.955,0.49655355689876307,0.2
红利,20120109,买,锚买(收盘/中位线=0.85),2402.595,0.3973505459754609,0.2
红利,20120116,买,锚买(收盘/中位线=0.89),2393.766,0.31800110053746405,0.2
红利,20120130,买,锚买(收盘/中位线=0.93),2485.843,0.25459405238141075,0.2
红利,20120206,买,锚买(收盘/中位线=0.93),2530.728,0.20375255468399767,0.2
红利,20120213,买,锚买(收盘/中位线=0.94),2543.172,0.1630639174479265,0.2
红利,20120220,买,锚买(收盘/中位线=0.94),2547.051,0.13050065170815997,0.2
红利,20120227,买,锚买(收盘/中位线=0.97),2649.987,0.10444015060347758,0.2
红利,20120305,买,锚买(收盘/中位线=0.98),2657.203,0.08358383590658369,0.2
红利,20120312,买,锚买(收盘/中位线=0.98),2635.598,0.0668924506953563,0.2
红利,20120319,买,锚买(收盘/中位线=0.96),2607.306,0.0535342738401196,0.2
红利,20150105,卖,卖出闸(收盘/中位线=1.37),3582.306,8.197786858364605,0.05
红利,20150202,卖,卖出闸(收盘/中位线=1.37),3373.148,7.333459430261868,0.05
红利,20150302,卖,卖出闸(收盘/中位线=1.39),3567.614,7.368428895991663,0.05
红利,20150401,卖,卖出闸(收盘/中位线=1.64),4249.998,8.340840950231494,0.05
红利,20150504,卖,卖出闸(收盘/中位线=1.95),5038.727,9.411577312092414,0.05
红利,20150601,卖,卖出闸(收盘/中位线=2.11),5674.199,10.110391295687363,0.05
红利,20150701,卖,卖出闸(收盘/中位线=2.00),4829.2597,8.24170907072774,0.05
红利,20150803,卖,卖出闸(收盘/中位线=1.70),4374.0421,7.143772146766772,0.05
红利,20150901,卖,卖出闸(收盘/中位线=1.47),3680.8177,5.71438135393652,0.05
红利,20151008,卖,卖出闸(收盘/中位线=1.39),3708.4928,5.475047576200544,0.05
红利,20151102,卖,卖出闸(收盘/中位线=1.56),3942.0183,5.530027979658904,0.05
红利,20151201,卖,卖出闸(收盘/中位线=1.64),4237.5097,5.647327949553204,0.05
红利,20160104,卖,卖出闸(收盘/中位线=1.69),4065.4846,5.147166597069126,0.05
红利,20160201,卖,卖出闸(收盘/中位线=1.32),3388.8768,4.076010475559909,0.05
红利,20160301,卖,卖出闸(收盘/中位线=1.31),3462.3027,3.95627026486075,0.05
红利,20160401,卖,卖出闸(收盘/中位线=1.46),3796.7986,4.121564359762858,0.05
红利,20160503,卖,卖出闸(收盘/中位线=1.44),3817.7557,3.9412526312353475,0.05
红利,20160601,卖,卖出闸(收盘/中位线=1.42),3718.3687,3.6656478848821576,0.05
红利,20160701,卖,卖出闸(收盘/中位线=1.41),3706.9083,3.5147936806508,0.05
红利,20160801,卖,卖出闸(收盘/中位线=1.46),3806.0713,3.47745624361794,0.05
红利,20160901,卖,卖出闸(收盘/中位线=1.51),3951.59,3.434748276653495,0.05
红利,20161010,卖,卖出闸(收盘/中位线=1.48),3977.0276,3.2875799138211854,0.05
红利,20161101,卖,卖出闸(收盘/中位线=1.52),4058.2152,3.1875511683080715,0.05
红利,20161201,卖,卖出闸(收盘/中位线=1.60),4292.4868,3.202983241530047,0.05
红利,20170103,卖,卖出闸(收盘/中位线=1.51),4081.7992,2.8934829803070032,0.05
红利,20170203,卖,卖出闸(收盘/中位线=1.55),4131.7711,2.7824614508763297,0.05
红利,20170301,卖,卖出闸(收盘/中位线=1.60),4278.9462,2.7374950604468067,0.05
红利,20170405,卖,卖出闸(收盘/中位线=1.61),4382.4218,2.6635097283897426,0.05
红利,20170502,卖,卖出闸(收盘/中位线=1.59),4281.1334,2.473748773235619,0.05
红利,20170601,卖,卖出闸(收盘/中位线=1.60),4330.8926,2.3892446084116514,0.05
红利,20170703,卖,卖出闸(收盘/中位线=1.66),4518.9225,2.398023954552262,0.05
红利,20170801,卖,卖出闸(收盘/中位线=1.69),4627.9797,2.3596381042012484,0.05
红利,20170901,卖,卖出闸(收盘/中位线=1.70),4663.4789,2.262076284039771,0.05
红利,20171009,卖,卖出闸(收盘/中位线=1.70),4719.9659,2.175662561278564,0.05
红利,20171101,卖,卖出闸(收盘/中位线=1.73),4744.3643,2.0775635123755785,0.05
红利,20171201,卖,卖出闸(收盘/中位线=1.71),4718.1346,1.9627735946362064,0.05
红利,20180102,卖,卖出闸(收盘/中位线=1.71),4836.0789,1.9118132538231145,0.05
红利,20180201,卖,卖出闸(收盘/中位线=1.82),5020.1774,1.885362047440264,0.05
红利,20180301,卖,卖出闸(收盘/中位线=1.72),4796.3818,1.7112483772628526,0.05
红利,20180402,卖,卖出闸(收盘/中位线=1.64),4578.5139,1.5538561417648498,0.05
红利,20180502,卖,卖出闸(收盘/中位线=1.58),4461.7128,1.4405100905221553,0.05
红利,20180601,卖,卖出闸(收盘/中位线=1.62),4527.0924,1.3922236235724705,0.05
红利,20180702,卖,卖出闸(收盘/中位线=1.48),4076.2311,1.2040673196161376,0.05
红利,20180801,卖,卖出闸(收盘/中位线=1.48),4129.2559,1.1759274001356121,0.05
红利,20180807,买,恐慌抢买(fear=83),4043.7615,91.8565622911596,0.5
红利,20180903,卖,卖出闸(收盘/中位线=1.39),3960.5335,5.587101395781379,0.05
红利,20181008,卖,卖出闸(收盘/中位线=1.43),3963.2507,5.317752982394005,0.05
红利,20181009,买,恐慌抢买(fear=80),3954.8607,51.543453340483275,0.5
红利,20181101,卖,卖出闸(收盘/中位线=1.32),3815.7336,7.353703990798978,0.05
红利,20181203,卖,卖出闸(收盘/中位线=1.33),3945.492,7.224634293428536,0.05
红利,20190102,卖,卖出闸(收盘/中位线=1.31),3779.2468,6.5805732931585155,0.05
红利,20190201,卖,卖出闸(收盘/中位线=1.37),4065.2377,6.724624251906422,0.05
红利,20190301,卖,卖出闸(收盘/中位线=1.51),4502.0344,7.074805302273978,0.05
红利,20190401,卖,卖出闸(收盘/中位线=1.60),4881.1092,7.286983769840147,0.05
红利,20190506,卖,卖出闸(收盘/中位线=1.59),4475.7656,6.35828589219737,0.05
红利,20190603,卖,卖出闸(收盘/中位线=1.50),4425.7077,6.033529912845179,0.05
红利,20190701,卖,卖出闸(收盘/中位线=1.47),4486.7653,5.890978859922919,0.05
红利,20190801,卖,卖出闸(收盘/中位线=1.44),4320.2128,5.458445879358642,0.05
红利,20190902,卖,卖出闸(收盘/中位线=1.39),4257.8691,5.125862657978057,0.05
红利,20191008,卖,卖出闸(收盘/中位线=1.38),4225.8166,4.8396181266409535,0.05
红利,20191101,卖,卖出闸(收盘/中位线=1.38),4273.9833,4.650913669008045,0.05
红利,20191202,卖,卖出闸(收盘/中位线=1.37),4197.9521,4.3412786893205935,0.05
红利,20200102,卖,卖出闸(收盘/中位线=1.44),4503.087,4.425151772953906,0.05
红利,20200203,卖,卖出闸(收盘/中位线=1.40),3933.3853,3.6720445167653923,0.05
红利,20200204,买,恐慌抢买(fear=90),4015.7101,73.63260322676564,0.5
红利,20200302,卖,卖出闸(收盘/中位线=1.35),4354.6481,7.854422769503246,0.05
红利,20200317,买,恐慌抢买(fear=78),4025.3744,40.8306379794338,0.5
红利,20200506,卖,卖出闸(收盘/中位线=1.31),4094.1991,9.120968228164264,0.05
红利,20200701,卖,卖出闸(收盘/中位线=1.30),4162.9478,9.016200760691907,0.05
红利,20200803,卖,卖出闸(收盘/中位线=1.42),4555.7665,9.50341464875949,0.05
红利,20200901,卖,卖出闸(收盘/中位线=1.46),4619.7309,9.175362966837277,0.05
红利,20201009,卖,卖出闸(收盘/中位线=1.38),4492.4739,8.482367110591907,0.05
红利,20201102,卖,卖出闸(收盘/中位线=1.39),4476.9854,8.039923038710697,0.05
红利,20201201,卖,卖出闸(收盘/中位线=1.51),4883.2179,8.332610821584952,0.05
红利,20210104,卖,卖出闸(收盘/中位线=1.43),4611.3054,7.4754639131499765,0.05
红利,20210201,卖,卖出闸(收盘/中位线=1.38),4482.1023,6.902710074478535,0.05
红利,20210301,卖,卖出闸(收盘/中位线=1.46),4801.196,7.024427056185387,0.05
红利,20210401,卖,卖出闸(收盘/中位线=1.49),4865.1097,6.762039675721706,0.05
红利,20210506,卖,卖出闸(收盘/中位线=1.53),5029.4069,6.647099259419353,0.05
红利,20210601,卖,卖出闸(收盘/中位线=1.60),5236.0795,6.62979756305706,0.05
红利,20210701,卖,卖出闸(收盘/中位线=1.58),5129.8208,6.234534230696774,0.05
红利,20210802,卖,卖出闸(收盘/中位线=1.48),4870.7121,5.726255242771451,0.05
红利,20210901,卖,卖出闸(收盘/中位线=1.64),5361.02,5.996880009455227,0.05
红利,20211008,卖,卖出闸(收盘/中位线=1.58),5244.4434,5.5813158518160995,0.05
红利,20211101,卖,卖出闸(收盘/中位线=1.50),4990.2494,5.048640506165365,0.05
红利,20211201,卖,卖出闸(收盘/中位线=1.51),5103.4783,4.9061271472645664,0.05
红利,20220104,卖,卖出闸(收盘/中位线=1.56),5272.7556,4.815415550650932,0.05
红利,20220207,卖,卖出闸(收盘/中位线=1.49),5140.6036,4.459989679163699,0.05
红利,20220301,卖,卖出闸(收盘/中位线=1.55),5263.5754,4.338346031542575,0.05
红利,20220401,卖,卖出闸(收盘/中位线=1.57),5357.4278,4.194916071856271,0.05
红利,20220505,卖,卖出闸(收盘/中位线=1.48),5052.006,3.7621415146261223,0.05
红利,20220601,卖,卖出闸(收盘/中位线=1.49),5093.2163,3.6528608076962557,0.05
红利,20220701,卖,卖出闸(收盘/中位线=1.49),5125.9429,3.5416431820267,0.05
红利,20220801,卖,卖出闸(收盘/中位线=1.43),4937.8859,3.308897337213018,0.05
红利,20220901,卖,卖出闸(收盘/中位线=1.45),5043.0279,3.2137017997585327,0.05
红利,20221010,卖,卖出闸(收盘/中位线=1.41),4856.0239,2.944192840818741,0.05
红利,20221101,卖,卖出闸(收盘/中位线=1.31),4622.1442,2.6631429086382234,0.05
红利,20221201,卖,卖出闸(收盘/中位线=1.46),5093.5771,2.788221830056519,0.05
红利,20230103,卖,卖出闸(收盘/中位线=1.40),4957.7815,2.5781929814485167,0.05
红利,20230201,卖,卖出闸(收盘/中位线=1.45),5115.4126,2.527157513674797,0.05
红利,20230301,卖,卖出闸(收盘/中位线=1.49),5281.4776,2.479608791158405,0.05
红利,20230403,卖,卖出闸(收盘/中位线=1.46),5199.3675,2.319005878211311,0.05
红利,20230504,卖,卖出闸(收盘/中位线=1.52),5523.839,2.342784190191094,0.05
红利,20230601,卖,卖出闸(收盘/中位线=1.46),5195.6708,2.1097858635727356,0.05
红利,20230703,卖,卖出闸(收盘/中位线=1.41),5125.9614,2.0150188676106304,0.05
红利,20230801,卖,卖出闸(收盘/中位线=1.47),5283.4628,2.014796005698117,0.05
红利,20230901,卖,卖出闸(收盘/中位线=1.40),5114.916,1.857632921009379,0.05
红利,20231009,卖,卖出闸(收盘/中位线=1.43),5142.7127,1.7759540244256107,0.05
红利,20231101,卖,卖出闸(收盘/中位线=1.38),4992.9413,1.6384008399473091,0.05
红利,20231201,卖,卖出闸(收盘/中位线=1.38),5023.6238,1.5662474637571278,0.05
红利,20240102,卖,卖出闸(收盘/中位线=1.36),5020.9933,1.4871559762822075,0.05
红利,20240123,买,恐慌抢买(fear=78),4835.9292,130.58173873092326,0.5
红利,20240201,卖,卖出闸(收盘/中位线=1.38),5028.7856,8.20445706170275,0.05
红利,20240301,卖,卖出闸(收盘/中位线=1.47),5414.2425,8.397406236012095,0.05
红利,20240401,卖,卖出闸(收盘/中位线=1.46),5396.8299,7.951879595879822,0.05
红利,20240506,卖,卖出闸(收盘/中位线=1.48),5554.3174,7.78564136470682,0.05
红利,20240603,卖,卖出闸(收盘/中位线=1.52),5634.7944,7.557677386979518,0.05
红利,20240701,卖,卖出闸(收盘/中位线=1.43),5471.4649,7.117461349542961,0.05
红利,20240801,卖,卖出闸(收盘/中位线=1.36),5105.844,6.4308585150095405,0.05
红利,20240902,卖,卖出闸(收盘/中位线=1.32),4964.3011,5.947650279977713,0.05
红利,20241008,卖,卖出闸(收盘/中位线=1.51),5753.6297,6.5652659387946635,0.05
红利,20241101,卖,卖出闸(收盘/中位线=1.41),5360.4175,5.81829253649526,0.05
红利,20241202,卖,卖出闸(收盘/中位线=1.42),5420.6133,5.59527916055019,0.05
红利,20250102,卖,卖出闸(收盘/中位线=1.47),5470.1941,5.367671229148512,0.05
红利,20250205,卖,卖出闸(收盘/中位线=1.42),5291.4642,4.953598785044335,0.05
红利,20250303,卖,卖出闸(收盘/中位线=1.39),5305.0725,4.718759719242609,0.05
红利,20250401,卖,卖出闸(收盘/中位线=1.41),5460.5135,4.614170385703995,0.05
红利,20250506,卖,卖出闸(收盘/中位线=1.39),5355.2618,4.305408819403524,0.05
红利,20250603,卖,卖出闸(收盘/中位线=1.42),5465.689,4.196300703936386,0.05
红利,20250701,卖,卖出闸(收盘/中位线=1.40),5454.3266,4.053467875304288,0.05
红利,20250801,卖,卖出闸(收盘/中位线=1.42),5484.5934,3.9188662310877644,0.05
红利,20250901,卖,卖出闸(收盘/中位线=1.43),5524.751,3.754817617734495,0.05
红利,20251009,卖,卖出闸(收盘/中位线=1.40),5502.3826,3.5630273981905742,0.05
红利,20251103,卖,卖出闸(收盘/中位线=1.44),5678.4308,3.5009381044909658,0.05
红利,20251201,卖,卖出闸(收盘/中位线=1.42),5591.822,3.279343409149339,0.05
红利,20260105,卖,卖出闸(收盘/中位线=1.40),5525.1164,3.082637101729397,0.05
红利,20260202,卖,卖出闸(收盘/中位线=1.45),5521.8717,2.9322989938586472,0.05
红利,20260302,卖,卖出闸(收盘/中位线=1.48),5905.2525,2.982386371361987,0.05
红利,20260401,卖,卖出闸(收盘/中位线=1.45),5731.251,2.7501409820771956,0.05
红利,20260506,卖,卖出闸(收盘/中位线=1.48),5881.8356,2.6837571539678162,0.05
红利,20260601,卖,卖出闸(收盘/中位线=1.41),5726.102,2.4975323178047146,0.05
红利,20260714,买,恐慌抢买(fear=81),5307.4975,143.05886241845397,0.5
