trade_date,close
20050104,986.927
20050105,1003.633
20050106,994.595
20050107,997.606
20050110,1006.337
20050111,1008.343
20050112,1008.62
20050113,1013.07
20050114,1000.169
20050117,977.522
20050118,991.419
20050119,986.241
20050120,972.463
20050121,988.519
20050124,1008.175
20050125,999.553
20050126,987.955
20050127,971.373
20050128,952.413
20050131,922.653
20050201,913.331
20050202,964.243
20050203,945.312
20050204,962.028
20050216,972.337
20050217,977.272
20050218,964.769
20050221,981.819
20050222,1007.688
20050223,1019.258
20050224,1024.446
20050225,1024.118
20050228,1020.847
20050301,1021.162
20050302,1006.148
20050303,1011.288
20050304,1003.21
20050307,1006.953
20050308,1029.457
20050309,1032.55
20050310,1005.545
20050311,1009.434
20050314,1007.766
20050315,993.831
20050316,983.916
20050317,970.966
20050318,949.509
20050321,949.553
20050322,922.564
20050323,923.194
20050324,933.347
20050325,931.417
20050328,922.923
20050329,916.811
20050330,888.949
20050331,896.068
20050401,927.546
20050404,909.87
20050405,901.744
20050406,918.557
20050407,932.333
20050408,949.457
20050411,948.509
20050412,927.41
20050413,950.229
20050414,935.425
20050415,913.271
20050418,901.118
20050419,902.785
20050420,884.083
20050421,867.328
20050422,857.401
20050425,841.058
20050426,855.24
20050427,839.953
20050428,860.616
20050429,847.611
20050509,818.399
20050510,818.088
20050511,811.57
20050512,807.51
20050513,814.878
20050516,808.171
20050517,818.455
20050518,824.643
20050519,824.94
20050520,819.13
20050523,793.724
20050524,808.743
20050525,809.697
20050526,799.024
20050527,790.998
20050530,797.532
20050531,796.872
20050601,778.673
20050602,769.421
20050603,765.967
20050606,778.21
20050607,779.844
20050608,841.36
20050609,849.725
20050610,831.605
20050613,834.252
20050614,818.191
20050615,796.26
20050616,803.945
20050617,800.137
20050620,823.733
20050621,816.197
20050622,818.647
20050623,809.347
20050624,813.203
20050627,834.346
20050628,819.046
20050629,814.064
20050630,791.502
20050701,760.352
20050704,749.483
20050705,744.595
20050706,743.444
20050707,747.418
20050708,722.854
20050711,714.475
20050712,739.534
20050713,732.443
20050714,732.544
20050715,714.488
20050718,696.848
20050719,703.066
20050720,707.293
20050721,704.788
20050722,721.445
20050725,718.867
20050726,735.861
20050727,750.015
20050728,747.23
20050729,744.825
20050801,750.488
20050802,763.29
20050803,769.752
20050804,765.262
20050805,787.819
20050808,800.117
20050809,814.186
20050810,823.839
20050811,832.841
20050812,816.386
20050815,839.667
20050816,839.264
20050817,854.526
20050818,820.664
20050819,820.869
20050822,831.496
20050823,816.914
20050824,826.716
20050825,836.418
20050826,840.431
20050829,832.248
20050830,827.55
20050831,845.142
20050901,865.405
20050902,872.485
20050905,884.29
20050906,862.491
20050907,888.125
20050908,889.69
20050909,879.503
20050912,883.561
20050913,904.311
20050914,914.983
20050915,918.505
20050916,917.638
20050919,930.489
20050920,924.16
20050921,909.787
20050922,880.013
20050923,868.549
20050926,874.84
20050927,856.958
20050928,852.359
20050929,871.291
20050930,869.509
20051010,858.748
20051011,878.623
20051012,887.711
20051013,883.45
20051014,876.053
20051017,878.757
20051018,893.699
20051019,886.314
20051020,886.551
20051021,895.027
20051024,897.757
20051025,877.577
20051026,854.028
20051027,847.593
20051028,825.063
20051031,828.659
20051101,823.328
20051102,840.316
20051103,828.906
20051104,835.122
20051107,842.002
20051108,848.965
20051109,845.11
20051110,821.269
20051111,823.956
20051114,827.569
20051115,820.491
20051116,826.692
20051117,825.797
20051118,843.738
20051121,846.958
20051122,831.771
20051123,838.117
20051124,841.699
20051125,841.13
20051128,838.342
20051129,827.005
20051130,829.5
20051201,828.193
20051202,817.864
20051205,796.926
20051206,798.878
20051207,806.778
20051208,805.561
20051209,819.2
20051212,824.518
20051213,824.861
20051214,832.513
20051215,827.539
20051216,834.537
20051219,834.712
20051220,836.119
20051221,830.766
20051222,835.503
20051223,845.589
20051226,853.169
20051227,854.526
20051228,857.206
20051229,866.747
20051230,860.131
20060104,871.73
20060105,882.732
20060106,891.94
20060109,905.068
20060110,911.191
20060111,906.496
20060112,927.42
20060113,932.499
20060116,920.332
20060117,919.279
20060118,939.136
20060119,949.913
20060120,952.769
20060123,961.069
20060124,960.353
20060125,957.787
20060206,980.91
20060207,981.574
20060208,982.943
20060209,969.577
20060210,980.801
20060213,977.396
20060214,986.056
20060215,986.161
20060216,958.59
20060217,949.993
20060220,943.765
20060221,960.017
20060222,959.947
20060223,958.722
20060224,967.163
20060227,963.379
20060228,964.726
20060301,972.067
20060302,953.369
20060303,954.457
20060306,952.351
20060307,928.576
20060308,924.83
20060309,920.13
20060310,921.683
20060313,928.518
20060314,931.721
20060315,942.689
20060316,945.523
20060317,943.725
20060320,956.138
20060321,959.927
20060322,972.137
20060323,980.841
20060324,974.269
20060327,984.152
20060328,994.52
20060329,997.704
20060330,986.957
20060331,1000.251
20060403,1025.788
20060404,1038.109
20060405,1048.666
20060406,1053.693
20060407,1068.11
20060410,1090.72
20060411,1094.409
20060412,1095.497
20060413,1062.69
20060414,1088.183
20060417,1093.513
20060418,1097.73
20060419,1100.661
20060420,1091.851
20060421,1102.547
20060424,1094.375
20060425,1103.059
20060426,1116.811
20060427,1125.32
20060428,1141.685
20060508,1180.728
20060509,1218.094
20060510,1241.571
20060511,1237.772
20060512,1283.677
20060515,1344.924
20060516,1297.932
20060517,1318.966
20060518,1328.206
20060519,1365.647
20060522,1386.748
20060523,1326.156
20060524,1308.693
20060525,1324.919
20060526,1355.501
20060529,1387.524
20060530,1410.542
20060531,1402.332
20060601,1455.741
20060602,1457.763
20060605,1484.29
20060606,1470.449
20060607,1370.809
20060608,1376.079
20060609,1346.481
20060612,1352.582
20060613,1361.526
20060614,1347.878
20060615,1352.336
20060616,1382.41
20060619,1397.995
20060620,1414.905
20060621,1410.502
20060622,1411.278
20060623,1430.513
20060626,1457.137
20060627,1464.686
20060628,1461.793
20060629,1488.164
20060630,1485.995
20060703,1514.068
20060704,1508.839
20060705,1497.656
20060706,1539.177
20060707,1541.253
20060710,1550.04
20060711,1561.843
20060712,1562.06
20060713,1459.778
20060714,1470.467
20060717,1494.793
20060718,1506.592
20060719,1472.354
20060720,1484.409
20060721,1493.036
20060724,1496.607
20060725,1518.172
20060726,1523.863
20060727,1506.56
20060728,1492.114
20060731,1425.044
20060801,1408.902
20060802,1401.859
20060803,1401.156
20060804,1354.778
20060807,1323.726
20060808,1364.99
20060809,1367.395
20060810,1391.144
20060811,1398.011
20060814,1356.848
20060815,1383.361
20060816,1407.313
20060817,1395.718
20060818,1384.899
20060821,1392.969
20060822,1408.846
20060823,1403.578
20060824,1416.898
20060825,1421.095
20060828,1457.321
20060829,1456.44
20060830,1468.664
20060831,1479.9
20060901,1451.95
20060904,1484.443
20060905,1490.153
20060906,1497.005
20060907,1472.505
20060908,1473.922
20060911,1481.932
20060912,1487.741
20060913,1466.043
20060914,1467.796
20060915,1484.687
20060918,1507.942
20060919,1512.963
20060920,1517.29
20060921,1521.95
20060922,1509.385
20060925,1514.277
20060926,1508.2
20060927,1522.45
20060928,1535.272
20060929,1550.803
20061009,1579.521
20061010,1588.806
20061011,1591.451
20061012,1567.291
20061013,1575.861
20061016,1567.085
20061017,1568.509
20061018,1588.59
20061019,1597.38
20061020,1587.902
20061023,1537.321
20061024,1577.086
20061025,1565.901
20061026,1556.69
20061027,1530.26
20061030,1527.216
20061031,1541.639
20061101,1548.518
20061102,1545.826
20061103,1549.655
20061106,1540.606
20061107,1525.649
20061108,1521.448
20061109,1537.862
20061110,1498.871
20061113,1445.679
20061114,1461.716
20061115,1484.446
20061116,1462.675
20061117,1476.745
20061120,1466.653
20061121,1477.679
20061122,1500.813
20061123,1509.315
20061124,1532.019
20061127,1567.049
20061128,1577.179
20061129,1596.998
20061130,1623.816
20061201,1629.207
20061204,1663.197
20061205,1675.458
20061206,1649.139
20061207,1632.908
20061208,1571.183
20061211,1621.263
20061212,1626.586
20061213,1634.84
20061214,1662.266
20061215,1689.671
20061218,1717.225
20061219,1724.533
20061220,1756.002
20061221,1737.381
20061222,1728.396
20061225,1744.817
20061226,1726.777
20061227,1738.525
20061228,1704.724
20061229,1726.146
20070104,1723.686
20070105,1770.475
20070108,1851.964
20070109,1891.871
20070110,1940.832
20070111,1952.236
20070112,1881.753
20070115,1986.539
20070116,2055.016
20070117,2035.651
20070118,2085.403
20070119,2159.638
20070122,2258.986
20070123,2261.785
20070124,2283.696
20070125,2174.239
20070126,2186.27
20070129,2260.596
20070130,2255.938
20070131,2142.891
20070201,2165.405
20070202,2127.104
20070205,2152.25
20070206,2198.239
20070207,2237.944
20070208,2278.445
20070209,2287.381
20070212,2341.072
20070213,2384.158
20070214,2435.959
20070215,2512.402
20070216,2541.409
20070226,2642.114
20070227,2405.574
20070228,2513.533
20070301,2459.511
20070302,2503.677
20070305,2511.916
20070306,2516.003
20070307,2580.597
20070308,2634.879
20070309,2638.047
20070312,2696.497
20070313,2727.455
20070314,2708.687
20070315,2760.844
20070316,2710.861
20070319,2751.477
20070320,2810.714
20070321,2859.006
20070322,2861.146
20070323,2897.999
20070326,2989.051
20070327,3039.534
20070328,3004.295
20070329,2894.779
20070330,2926.064
20070402,2993.63
20070403,3042.461
20070404,3078.901
20070405,3133.142
20070406,3182.797
20070409,3240.302
20070410,3261.527
20070411,3309.745
20070412,3387.412
20070413,3358.632
20070416,3458.067
20070417,3558.216
20070418,3649.714
20070419,3435.78
20070420,3614.391
20070423,3782.256
20070424,3821.416
20070425,3805.046
20070426,3853.269
20070427,3845.813
20070430,3903.689
20070508,4091.133
20070509,4099.126
20070510,4128.081
20070511,4109.403
20070514,4133.826
20070515,3998.777
20070516,4118.139
20070517,4221.913
20070518,4235.185
20070521,4364.156
20070522,4459.813
20070523,4582.306
20070524,4571.714
20070525,4649.857
20070528,4761.701
20070529,4853.643
20070530,4456.279
20070531,4267.781
20070601,3960.442
20070604,3618.688
20070605,3659.941
20070606,3736.931
20070607,3936.766
20070608,4002.868
20070611,4104.551
20070612,4218.436
20070613,4372.53
20070614,4311.975
20070615,4316.53
20070618,4439.185
20070619,4529.033
20070620,4396.218
20070621,4374.488
20070622,4123.215
20070625,3851.944
20070626,3928.703
20070627,4022.313
20070628,3757.978
20070629,3585.486
20070702,3644.79
20070703,3704.706
20070704,3622.518
20070705,3380.179
20070706,3591.377
20070709,3711.714
20070710,3606.187
20070711,3653.311
20070712,3671.175
20070713,3655.845
20070716,3532.064
20070717,3610.382
20070718,3624.341
20070719,3640.282
20070720,3788.744
20070723,3984.788
20070724,3993.019
20070725,4106.826
20070726,4190.881
20070727,4269.767
20070730,4353.092
20070731,4403.584
20070801,4161.135
20070802,4336.811
20070803,4408.047
20070806,4504.344
20070807,4470.142
20070808,4395.427
20070809,4442.06
20070810,4348.811
20070813,4329.765
20070814,4436.206
20070815,4412.795
20070816,4438.959
20070817,4390.883
20070820,4570.571
20070821,4625.28
20070822,4685.058
20070823,4733.839
20070824,4742.953
20070827,4724.544
20070828,4729.791
20070829,4701.439
20070830,4843.707
20070831,4897.636
20070903,5008.833
20070904,4980.529
20070905,5010.729
20070906,5065.515
20070907,4939.231
20070910,5038.941
20070911,4718.312
20070912,4770.769
20070913,4872.661
20070914,4936.694
20070917,5047.597
20070918,5096.239
20070919,5029.101
20070920,5079.078
20070921,5028.843
20070924,5054.73
20070925,5013.06
20070926,4932.521
20070927,4972.716
20070928,5083.65
20071008,5088.596
20071009,5141.892
20071010,5109.1
20071011,5005.498
20071012,4891.386
20071015,4890.596
20071016,4943.559
20071017,4929.536
20071018,4814.462
20071019,4813.952
20071022,4688.292
20071023,4688.722
20071024,4596.635
20071025,4251.497
20071026,4228.946
20071029,4288.789
20071030,4388.327
20071031,4550.183
20071101,4431.099
20071102,4329.631
20071105,4361.872
20071106,4395.011
20071107,4385.856
20071108,4205.65
20071109,4153.236
20071112,4098.556
20071113,4114.509
20071114,4263.995
20071115,4210.704
20071116,4217.228
20071119,4313.28
20071120,4371.676
20071121,4308.422
20071122,4113.309
20071123,4193.98
20071126,4151.876
20071127,4108.951
20071128,4078.041
20071129,4185.267
20071130,4122.932
20071203,4170.263
20071204,4194.015
20071205,4273.045
20071206,4291.068
20071207,4362.22
20071210,4483.831
20071211,4534.937
20071212,4544.681
20071213,4402.636
20071214,4499.53
20071217,4506.042
20071218,4467.812
20071219,4565.622
20071220,4621.393
20071221,4691.533
20071224,4772.638
20071225,4815.209
20071226,4912.841
20071227,4963.453
20071228,4947.603
20080102,5123.934
20080103,5230.749
20080104,5243.032
20080107,5347.806
20080108,5200.552
20080109,5356.482
20080110,5382.326
20080111,5376.797
20080114,5445.102
20080115,5487.088
20080116,5412.911
20080117,5270.956
20080118,5317.448
20080121,5097.226
20080122,4661.826
20080123,4912.058
20080124,5080.926
20080125,5096.69
20080128,4740.501
20080129,4840.636
20080130,4851.426
20080131,4663.415
20080201,4456.927
20080204,4820.387
20080205,4838.995
20080213,4813.581
20080214,4910.358
20080215,4886.016
20080218,5043.144
20080219,5133.361
20080220,5089.439
20080221,5153.601
20080222,5029.198
20080225,4869.654
20080226,4868.814
20080227,4977.335
20080228,4989.412
20080229,5057.617
20080303,5227.732
20080304,5192.593
20080305,5214.238
20080306,5223.82
20080307,5115.916
20080310,4948.353
20080311,5015.932
20080312,4881.03
20080313,4688.679
20080314,4662.316
20080317,4302.614
20080318,3986.319
20080319,4176.486
20080320,4347.743
20080321,4405.856
20080324,4314.581
20080325,4367.341
20080326,4352.053
20080327,4119.785
20080328,4241.452
20080331,4044.098
20080401,3704.273
20080402,3500.522
20080403,3588.762
20080407,3822.371
20080408,3908.802
20080409,3695.306
20080410,3803.456
20080411,3862.363
20080414,3607.218
20080415,3723.267
20080416,3633.675
20080417,3511.914
20080418,3338.274
20080421,3314.506
20080422,3266.383
20080423,3409.774
20080424,3723.071
20080425,3756.33
20080428,3729.562
20080429,3759.545
20080430,3903.178
20080505,4040.159
20080506,4024.99
20080507,3850.226
20080508,3985.197
20080509,3986.24
20080512,4069.145
20080513,4078.877
20080514,4168.486
20080515,4131.252
20080516,4071.91
20080519,4070.049
20080520,3813.935
20080521,3908.772
20080522,3871.553
20080523,3829.645
20080526,3728.751
20080527,3743.539
20080528,3847.258
20080529,3749.216
20080530,3755.631
20080602,3788.153
20080603,3771.097
20080604,3704.078
20080605,3657.487
20080606,3629.923
20080610,3312.794
20080611,3226.923
20080612,3197.545
20080613,3045.105
20080616,2977.818
20080617,2791.289
20080618,2951.844
20080619,2702.801
20080620,2764.28
20080623,2717.969
20080624,2806.774
20080625,2966.895
20080626,3003.302
20080627,2792.705
20080630,2813.716
20080701,2765.064
20080702,2811.225
20080703,2941.521
20080704,2941.085
20080707,3094.845
20080708,3142.32
20080709,3226.147
20080710,3152.489
20080711,3132.733
20080714,3198.352
20080715,3106.326
20080716,2948.526
20080717,2918.369
20080718,3015.798
20080721,3139.509
20080722,3150.015
20080723,3122.687
20080724,3200.735
20080725,3172.168
20080728,3215.846
20080729,3150.0
20080730,3132.766
20080731,3017.217
20080801,3063.812
20080804,2990.168
20080805,2897.725
20080806,2904.186
20080807,2923.745
20080808,2711.964
20080811,2508.59
20080812,2473.417
20080813,2472.3
20080814,2483.696
20080815,2473.717
20080818,2289.296
20080819,2327.019
20080820,2520.737
20080821,2431.101
20080822,2382.523
20080825,2374.06
20080826,2244.993
20080827,2237.867
20080828,2236.824
20080829,2307.158
20080901,2238.047
20080902,2253.773
20080903,2237.28
20080904,2254.688
20080905,2148.741
20080908,2039.889
20080909,2057.561
20080910,2072.808
20080911,2034.247
20080912,2038.66
20080916,1993.461
20080917,1956.035
20080918,1899.323
20080919,2086.826
20080922,2182.792
20080923,2042.197
20080924,2088.549
20080925,2138.065
20080926,2136.001
20081006,2054.042
20081007,2046.191
20081008,1995.61
20081009,1969.815
20081010,1837.404
20081013,1872.947
20081014,1816.32
20081015,1806.791
20081016,1704.565
20081017,1726.4
20081020,1786.564
20081021,1782.664
20081022,1748.84
20081023,1766.59
20081024,1741.181
20081027,1604.758
20081028,1642.055
20081029,1576.931
20081030,1590.226
20081031,1562.022
20081103,1539.795
20081104,1513.495
20081105,1563.369
20081106,1536.598
20081107,1561.221
20081110,1676.277
20081111,1662.848
20081112,1704.226
20081113,1784.497
20081114,1867.485
20081117,1959.072
20081118,1816.285
20081119,1944.327
20081120,1948.681
20081121,1921.04
20081124,1842.344
20081125,1827.642
20081126,1834.774
20081127,1861.518
20081128,1841.45
20081201,1919.475
20081202,1957.322
20081203,2039.927
20081204,2037.723
20081205,2098.656
20081208,2190.532
20081209,2134.58
20081210,2195.743
20081211,2127.183
20081212,2031.992
20081215,2073.029
20081216,2110.244
20081217,2136.309
20081218,2175.357
20081219,2194.994
20081222,2193.475
20081223,2054.535
20081224,2010.104
20081225,2003.488
20081226,1983.757
20081229,1984.755
20081230,1971.466
20081231,1939.433
20090105,2020.243
20090106,2091.892
20090107,2104.922
20090108,2052.3
20090109,2107.766
20090112,2137.841
20090113,2081.672
20090114,2160.064
20090115,2181.061
20090116,2195.634
20090119,2192.807
20090120,2214.839
20090121,2217.626
20090122,2256.367
20090123,2238.082
20090202,2306.769
20090203,2369.654
20090204,2423.887
20090205,2384.764
20090206,2493.74
20090209,2579.228
20090210,2653.213
20090211,2658.05
20090212,2707.922
20090213,2805.01
20090216,2854.444
20090217,2738.58
20090218,2632.908
20090219,2687.489
20090220,2776.955
20090223,2871.792
20090224,2754.24
20090225,2771.098
20090226,2571.276
20090227,2416.949
20090302,2478.808
20090303,2499.826
20090304,2651.405
20090305,2671.575
20090306,2653.469
20090309,2536.01
20090310,2601.417
20090311,2587.371
20090312,2597.232
20090313,2569.629
20090316,2603.058
20090317,2699.594
20090318,2734.547
20090319,2797.155
20090320,2784.106
20090323,2843.879
20090324,2865.333
20090325,2785.664
20090326,2853.411
20090327,2877.88
20090330,2883.214
20090331,2914.128
20090401,2962.839
20090402,2965.735
20090403,2934.253
20090407,2968.519
20090408,2867.168
20090409,2915.024
20090410,3009.376
20090413,3050.372
20090414,3099.429
20090415,3143.821
20090416,3159.26
20090417,3119.419
20090420,3205.884
20090421,3205.076
20090422,3042.638
20090423,3059.709
20090424,3036.761
20090427,2916.114
20090428,2959.952
20090429,3040.04
20090430,3086.217
20090504,3190.254
20090505,3220.615
20090506,3264.579
20090507,3242.626
20090508,3257.588
20090511,3134.573
20090512,3212.139
20090513,3234.151
20090514,3246.557
20090515,3270.738
20090518,3295.651
20090519,3325.531
20090520,3306.474
20090521,3247.475
20090522,3254.534
20090525,3271.501
20090526,3274.849
20090527,3276.748
20090601,3332.337
20090602,3353.922
20090603,3380.188
20090604,3375.873
20090605,3355.778
20090608,3350.238
20090609,3366.911
20090610,3403.208
20090611,3382.997
20090612,3309.587
20090615,3356.714
20090616,3349.35
20090617,3403.962
20090618,3431.281
20090619,3434.055
20090622,3405.13
20090623,3392.112
20090624,3431.444
20090625,3427.473
20090626,3448.461
20090629,3476.788
20090630,3452.263
20090701,3503.754
20090702,3540.509
20090703,3584.858
20090706,3592.64
20090707,3589.187
20090708,3633.433
20090709,3701.79
20090710,3719.97
20090713,3754.344
20090714,3813.876
20090715,3848.632
20090716,3829.207
20090717,3852.863
20090720,3919.426
20090721,3824.288
20090722,3894.563
20090723,3933.113
20090724,3907.967
20090727,3972.644
20090728,4022.91
20090729,3764.64
20090730,3803.124
20090731,3928.584
20090803,4020.266
20090804,4069.346
20090805,4069.338
20090806,4015.421
20090807,3893.125
20090810,3933.047
20090811,3953.293
20090812,3770.137
20090813,3778.14
20090814,3609.698
20090817,3358.103
20090818,3424.775
20090819,3247.526
20090820,3374.351
20090821,3468.042
20090824,3541.804
20090825,3485.924
20090826,3595.115
20090827,3629.513
20090828,3531.41
20090831,3277.997
20090901,3245.274
20090902,3265.074
20090903,3427.442
20090904,3489.063
20090907,3527.254
20090908,3592.806
20090909,3613.41
20090910,3581.683
20090911,3641.816
20090914,3736.576
20090915,3775.213
20090916,3781.064
20090917,3868.667
20090918,3739.732
20090921,3804.331
20090922,3708.199
20090923,3595.706
20090924,3568.669
20090925,3536.811
20090928,3434.655
20090929,3372.074
20090930,3400.623
20091009,3576.444
20091012,3597.863
20091013,3659.081
20091014,3692.648
20091015,3704.404
20091016,3716.897
20091019,3808.181
20091020,3865.832
20091021,3839.947
20091022,3855.768
20091023,3908.435
20091026,3911.653
20091027,3807.976
20091028,3846.415
20091029,3777.505
20091030,3827.683
20091102,3955.783
20091103,4053.212
20091104,4083.482
20091105,4125.781
20091106,4145.137
20091109,4176.188
20091110,4182.77
20091111,4199.549
20091112,4213.245
20091113,4267.008
20091116,4364.973
20091117,4387.552
20091118,4406.779
20091119,4476.138
20091120,4508.293
20091123,4591.339
20091124,4347.657
20091125,4512.08
20091126,4328.408
20091127,4215.338
20091130,4405.328
20091201,4525.288
20091202,4591.384
20091203,4621.941
20091204,4506.082
20091207,4581.242
20091208,4571.764
20091209,4498.152
20091210,4536.557
20091211,4534.763
20091214,4513.594
20091215,4523.493
20091216,4506.039
20091217,4364.926
20091218,4203.48
20091221,4256.389
20091222,4136.822
20091223,4210.173
20091224,4345.296
20091225,4376.193
20091228,4447.205
20091229,4463.604
20091230,4446.067
20091231,4485.255
20100104,4510.527
20100105,4557.475
20100106,4550.279
20100107,4459.155
20100108,4514.452
20100111,4542.949
20100112,4639.632
20100113,4591.024
20100114,4714.1
20100115,4747.648
20100118,4829.062
20100119,4830.016
20100120,4651.074
20100121,4667.209
20100122,4537.88
20100125,4481.16
20100126,4294.383
20100127,4267.113
20100128,4336.381
20100129,4374.649
20100201,4331.366
20100202,4301.768
20100203,4363.079
20100204,4408.441
20100205,4311.293
20100208,4310.894
20100209,4311.891
20100210,4366.25
20100211,4356.517
20100212,4416.219
20100222,4419.547
20100223,4459.155
20100224,4556.281
20100225,4629.965
20100226,4634.671
20100301,4686.266
20100302,4690.293
20100303,4758.434
20100304,4586.523
20100305,4604.586
20100308,4654.583
20100309,4660.126
20100310,4598.994
20100311,4562.872
20100312,4492.861
20100315,4454.76
20100316,4491.465
20100317,4616.053
20100318,4630.953
20100319,4663.903
20100322,4690.198
20100323,4658.626
20100324,4683.065
20100325,4620.749
20100326,4686.931
20100329,4723.611
20100330,4744.423
20100331,4756.157
20100401,4827.214
20100402,4843.175
20100406,4852.904
20100407,4863.639
20100408,4864.922
20100409,4939.176
20100412,4976.38
20100413,4919.873
20100414,4977.508
20100415,4914.747
20100416,4898.67
20100419,4688.836
20100420,4749.934
20100421,4893.978
20100422,4902.405
20100423,4864.164
20100426,4866.553
20100427,4739.269
20100428,4714.432
20100429,4561.4
20100430,4438.681
20100504,4434.131
20100505,4564.807
20100506,4419.781
20100507,4350.758
20100510,4269.108
20100511,4144.352
20100512,4042.516
20100513,4157.842
20100514,4184.841
20100517,3915.752
20100518,3972.154
20100519,3977.377
20100520,3901.257
20100521,3982.385
20100524,4163.477
20100525,4133.346
20100526,4144.662
20100527,4218.637
20100528,4235.322
20100531,4104.364
20100601,4025.789
20100602,4083.616
20100603,4053.985
20100604,4089.035
20100607,4072.568
20100608,4109.317
20100609,4211.881
20100610,4223.566
20100611,4197.995
20100617,4145.243
20100618,3972.286
20100621,4087.017
20100622,4119.722
20100623,4094.568
20100624,4095.295
20100625,4028.433
20100628,3961.382
20100629,3736.982
20100630,3664.464
20100701,3606.593
20100702,3585.576
20100705,3563.882
20100706,3665.334
20100707,3718.662
20100708,3698.342
20100709,3807.604
20100712,3849.52
20100713,3788.751
20100714,3824.046
20100715,3735.395
20100716,3757.432
20100719,3842.313
20100720,3951.358
20100721,3959.427
20100722,4017.864
20100723,4015.467
20100726,4071.094
20100727,4068.864
20100728,4162.321
20100729,4194.04
20100730,4191.13
20100802,4267.895
20100803,4193.641
20100804,4248.014
20100805,4267.955
20100806,4356.012
20100809,4413.568
20100810,4246.46
20100811,4297.904
20100812,4241.592
20100813,4323.052
20100816,4423.315
20100817,4457.759
20100818,4457.127
20100819,4461.488
20100820,4366.604
20100823,4404.718
20100824,4456.497
20100825,4368.304
20100826,4399.284
20100827,4431.444
20100830,4553.023
20100831,4589.289
20100901,4530.229
20100902,4625.395
20100903,4662.96
20100906,4651.963
20100907,4679.942
20100908,4720.375
20100909,4658.009
20100910,4705.31
20100913,4789.693
20100914,4805.416
20100915,4730.143
20100916,4610.916
20100917,4603.489
20100920,4553.12
20100921,4546.724
20100927,4673.602
20100928,4654.345
20100929,4590.317
20100930,4660.605
20101008,4767.967
20101011,4789.155
20101012,4806.029
20101013,4836.737
20101014,4679.548
20101015,4691.45
20101018,4636.639
20101019,4778.607
20101020,4794.194
20101021,4833.8
20101022,4877.927
20101025,4998.5
20101026,5046.148
20101027,4994.774
20101028,4999.59
20101029,5055.492
20101101,5199.525
20101102,5173.066
20101103,5098.539
20101104,5228.296
20101105,5311.77
20101108,5431.091
20101109,5467.839
20101110,5484.742
20101111,5440.099
20101112,5111.189
20101115,5255.267
20101116,5068.465
20101117,4855.85
20101118,4932.401
20101119,5081.03
20101122,5150.665
20101123,5063.237
20101124,5206.149
20101125,5259.81
20101126,5227.648
20101129,5248.747
20101130,5110.875
20101201,5116.837
20101202,5138.487
20101203,5100.366
20101206,5016.528
20101207,5084.583
20101208,5069.97
20101209,4964.901
20101210,5039.165
20101213,5179.021
20101214,5244.038
20101215,5230.68
20101216,5216.851
20101217,5228.337
20101220,5163.529
20101221,5222.792
20101222,5174.539
20101223,5069.523
20101224,4991.544
20101227,4849.63
20101228,4730.497
20101229,4812.532
20101230,4828.489
20101231,4936.716
20110104,5011.498
20110105,5028.766
20110106,5001.283
20110107,4975.144
20110110,4830.562
20110111,4804.822
20110112,4833.58
20110113,4826.757
20110114,4723.426
20110117,4519.913
20110118,4536.964
20110119,4646.087
20110120,4477.359
20110121,4506.322
20110124,4398.495
20110125,4341.909
20110126,4424.892
20110127,4502.808
20110128,4548.206
20110131,4610.86
20110201,4630.58
20110209,4609.717
20110210,4733.973
20110211,4786.806
20110214,4872.495
20110215,4869.687
20110216,4952.667
20110217,4987.48
20110218,4941.432
20110221,5042.967
20110222,4909.745
20110223,4979.057
20110224,5027.731
20110225,5032.797
20110228,5095.208
20110301,5122.441
20110302,5108.74
20110303,5009.047
20110304,5067.621
20110307,5138.248
20110308,5165.735
20110309,5181.368
20110310,5143.413
20110311,5139.746
20110314,5190.037
20110315,5131.332
20110316,5199.358
20110317,5104.134
20110318,5126.934
20110321,5086.108
20110322,5085.812
20110323,5155.337
20110324,5169.264
20110325,5212.345
20110328,5199.552
20110329,5111.153
20110330,5064.545
20110331,5000.402
20110401,5065.076
20110406,5057.84
20110407,5089.751
20110408,5148.799
20110411,5107.137
20110412,5114.459
20110413,5165.207
20110414,5150.869
20110415,5162.415
20110418,5178.894
20110419,5116.144
20110420,5152.395
20110421,5188.111
20110422,5165.123
20110425,5054.768
20110426,4970.572
20110427,4913.497
20110428,4755.416
20110429,4836.866
20110503,4920.57
20110504,4814.781
20110505,4827.212
20110506,4849.969
20110509,4889.92
20110510,4918.674
20110511,4929.488
20110512,4863.795
20110513,4902.564
20110516,4900.706
20110517,4873.954
20110518,4906.189
20110519,4879.892
20110520,4863.185
20110523,4679.527
20110524,4672.076
20110525,4618.748
20110526,4572.942
20110527,4428.894
20110530,4345.048
20110531,4444.276
20110601,4490.892
20110602,4429.999
20110603,4506.196
20110607,4547.303
20110608,4562.972
20110609,4456.73
20110610,4469.049
20110613,4468.787
20110614,4540.939
20110615,4499.694
20110616,4402.143
20110617,4337.367
20110620,4278.753
20110621,4338.422
20110622,4321.219
20110623,4402.938
20110624,4509.18
20110627,4568.189
20110628,4574.477
20110629,4511.545
20110630,4579.332
20110701,4604.746
20110704,4719.391
20110705,4749.424
20110706,4760.917
20110707,4761.452
20110708,4756.614
20110711,4799.42
20110712,4731.118
20110713,4825.419
20110714,4866.165
20110715,4896.043
20110718,4895.26
20110719,4843.705
20110720,4849.057
20110721,4784.388
20110722,4800.938
20110725,4613.73
20110726,4633.372
20110727,4710.379
20110728,4680.898
20110729,4628.32
20110801,4644.462
20110802,4610.783
20110803,4625.173
20110804,4649.425
20110805,4559.018
20110808,4330.771
20110809,4317.107
20110810,4378.698
20110811,4454.394
20110812,4505.886
20110815,4571.719
20110816,4533.321
20110817,4513.485
20110818,4436.101
20110819,4395.019
20110822,4363.959
20110823,4434.922
20110824,4427.978
20110825,4520.171
20110826,4530.423
20110829,4490.158
20110830,4451.726
20110831,4430.538
20110901,4395.069
20110902,4344.977
20110905,4238.069
20110906,4204.908
20110907,4306.361
20110908,4260.155
20110909,4233.748
20110913,4164.288
20110914,4212.129
20110915,4215.5
20110916,4214.816
20110919,4131.885
20110920,4151.851
20110921,4275.094
20110922,4151.8
20110923,4117.735
20110926,4051.425
20110927,4068.231
20110928,3999.782
20110929,3871.06
20110930,3856.828
20111010,3832.577
20111011,3817.927
20111012,3950.655
20111013,4001.853
20111014,3985.193
20111017,3997.121
20111018,3877.024
20111019,3854.169
20111020,3740.469
20111021,3671.695
20111024,3736.765
20111025,3842.978
20111026,3884.39
20111027,3888.992
20111028,3978.8
20111031,3999.362
20111101,3999.831
20111102,4072.781
20111103,4097.618
20111104,4131.13
20111107,4114.767
20111108,4057.555
20111109,4126.003
20111110,4064.371
20111111,4062.144
20111114,4159.567
20111115,4192.665
20111116,4088.323
20111117,4079.536
20111118,3963.258
20111121,3966.636
20111122,3957.93
20111123,3942.695
20111124,3935.273
20111125,3911.356
20111128,3915.298
20111129,3980.618
20111130,3819.942
20111201,3897.019
20111202,3817.041
20111205,3692.227
20111206,3691.804
20111207,3702.103
20111208,3700.089
20111209,3663.843
20111212,3616.087
20111213,3490.4
20111214,3423.474
20111215,3329.575
20111216,3427.214
20111219,3434.845
20111220,3424.448
20111221,3342.401
20111222,3298.724
20111223,3327.394
20111226,3308.072
20111227,3224.148
20111228,3207.399
20111229,3207.181
20111230,3266.775
20120104,3192.234
20120105,3074.368
20120106,3087.546
20120109,3212.904
20120110,3345.391
20120111,3346.742
20120112,3345.812
20120113,3233.701
20120116,3130.558
20120117,3304.88
20120118,3237.852
20120119,3270.765
20120120,3315.603
20120130,3292.409
20120131,3294.494
20120201,3266.234
20120202,3328.153
20120203,3383.05
20120206,3412.405
20120207,3356.838
20120208,3445.52
20120209,3469.846
20120210,3488.229
20120213,3519.875
20120214,3524.625
20120215,3578.149
20120216,3577.202
20120217,3565.306
20120220,3574.458
20120221,3618.302
20120222,3689.004
20120223,3700.888
20120224,3756.825
20120227,3764.326
20120228,3745.58
20120229,3696.144
20120301,3715.673
20120302,3794.416
20120305,3798.377
20120306,3760.585
20120307,3732.707
20120308,3791.827
20120309,3848.108
20120312,3871.12
20120313,3910.064
20120314,3734.317
20120315,3689.014
20120316,3786.617
20120319,3829.696
20120320,3746.284
20120321,3760.047
20120322,3742.388
20120323,3670.129
20120326,3666.279
20120327,3652.876
20120328,3490.007
20120329,3425.702
20120330,3416.856
20120405,3531.549
20120406,3554.027
20120409,3512.914
20120410,3554.038
20120411,3566.476
20120412,3640.407
20120413,3675.028
20120416,3685.481
20120417,3631.556
20120418,3714.02
20120419,3704.705
20120420,3736.365
20120423,3691.574
20120424,3666.395
20120425,3718.911
20120426,3700.028
20120427,3664.638
20120502,3718.259
20120503,3733.816
20120504,3758.004
20120507,3784.556
20120508,3783.472
20120509,3717.47
20120510,3731.131
20120511,3715.385
20120514,3710.097
20120515,3705.883
20120516,3660.312
20120517,3714.186
20120518,3655.858
20120521,3653.546
20120522,3711.055
20120523,3708.919
20120524,3678.093
20120525,3635.516
20120528,3687.455
20120529,3745.678
20120530,3752.219
20120531,3753.593
20120601,3744.437
20120604,3621.808
20120605,3617.614
20120606,3600.163
20120607,3581.137
20120608,3564.158
20120611,3630.314
20120612,3608.391
20120613,3674.875
20120614,3652.705
20120615,3648.994
20120618,3684.727
20120619,3657.958
20120620,3636.09
20120621,3590.837
20120625,3493.116
20120626,3489.972
20120627,3476.403
20120628,3427.819
20120629,3470.965
20120702,3509.503
20120703,3515.778
20120704,3497.748
20120705,3418.202
20120706,3486.546
20120709,3398.805
20120710,3365.665
20120711,3404.104
20120712,3450.302
20120713,3435.084
20120716,3311.089
20120717,3334.286
20120718,3352.848
20120719,3392.656
20120720,3369.913
20120723,3337.856
20120724,3361.09
20120725,3332.085
20120726,3302.336
20120727,3283.592
20120730,3217.452
20120731,3159.192
20120801,3216.184
20120802,3195.863
20120803,3259.856
20120806,3337.267
20120807,3368.252
20120808,3356.485
20120809,3405.058
20120810,3395.849
20120813,3318.1
20120814,3349.585
20120815,3310.839
20120816,3286.828
20120817,3286.778
20120820,3289.439
20120821,3335.753
20120822,3306.111
20120823,3327.99
20120824,3265.749
20120827,3184.331
20120828,3200.993
20120829,3179.54
20120830,3129.495
20120831,3139.5
20120903,3200.306
20120904,3164.826
20120905,3181.8
20120906,3217.936
20120907,3334.66
20120910,3363.605
20120911,3350.088
20120912,3376.122
20120913,3329.299
20120914,3338.038
20120917,3237.704
20120918,3224.259
20120919,3255.866
20120920,3161.763
20120921,3143.71
20120924,3167.161
20120925,3144.408
20120926,3071.989
20120927,3141.082
20120928,3199.752
20121008,3183.365
20121009,3265.617
20121010,3296.923
20121011,3248.045
20121012,3240.399
20121015,3223.189
20121016,3233.229
20121017,3240.778
20121018,3294.835
20121019,3285.445
20121022,3298.488
20121023,3259.067
20121024,3257.921
20121025,3226.172
20121026,3163.295
20121029,3158.943
20121030,3160.687
20121031,3168.097
20121101,3228.19
20121102,3249.552
20121105,3235.352
20121106,3213.26
20121107,3209.141
20121108,3129.568
20121109,3116.978
20121112,3136.308
20121113,3072.121
20121114,3081.254
20121115,3026.844
20121116,3009.153
20121119,3016.159
20121120,3004.183
20121121,3035.282
20121122,2995.093
20121123,3005.459
20121126,2970.323
20121127,2864.169
20121128,2800.537
20121129,2774.176
20121130,2816.624
20121203,2749.134
20121204,2783.412
20121205,2886.186
20121206,2884.348
20121207,2950.193
20121210,3002.231
20121211,2982.027
20121212,2982.885
20121213,2943.276
20121214,3066.231
20121217,3091.875
20121218,3086.584
20121219,3099.092
20121220,3108.86
20121221,3101.074
20121224,3117.698
20121225,3189.088
20121226,3228.675
20121227,3199.481
20121228,3235.195
20121231,3275.86
20130104,3258.251
20130107,3288.369
20130108,3327.04
20130109,3334.987
20130110,3356.35
20130111,3271.179
20130114,3384.745
20130115,3450.682
20130116,3450.56
20130117,3408.022
20130118,3464.645
20130121,3491.122
20130122,3435.434
20130123,3441.745
20130124,3369.732
20130125,3364.061
20130128,3449.794
20130129,3482.519
20130130,3500.578
20130131,3479.638
20130201,3507.709
20130204,3484.362
20130205,3520.646
20130206,3544.385
20130207,3557.667
20130208,3608.589
20130218,3627.776
20130219,3561.357
20130220,3635.375
20130221,3560.317
20130222,3548.358
20130225,3587.587
20130226,3533.204
20130227,3535.896
20130228,3608.199
20130301,3648.422
20130304,3518.717
20130305,3597.922
20130306,3653.934
20130307,3609.64
20130308,3570.38
20130311,3571.105
20130312,3481.175
20130313,3449.35
20130314,3464.854
20130315,3471.214
20130318,3427.12
20130319,3438.072
20130320,3527.772
20130321,3565.02
20130322,3579.92
20130325,3568.523
20130326,3543.812
20130327,3552.257
20130328,3448.977
20130329,3447.285
20130401,3470.96
20130402,3428.5
20130403,3397.232
20130408,3411.13
20130409,3444.371
20130410,3437.267
20130411,3423.217
20130412,3394.517
20130415,3346.851
20130416,3383.081
20130417,3412.416
20130418,3423.012
20130419,3495.242
20130422,3511.624
20130423,3416.449
20130424,3484.568
20130425,3431.401
20130426,3367.766
20130502,3383.398
20130503,3448.64
20130506,3514.457
20130507,3521.477
20130508,3553.848
20130509,3555.769
20130510,3577.327
20130513,3590.758
20130514,3549.303
20130515,3597.106
20130516,3635.755
20130517,3691.399
20130520,3737.748
20130521,3787.059
20130522,3755.874
20130523,3724.229
20130524,3782.071
20130527,3820.427
20130528,3827.782
20130529,3856.319
20130530,3865.134
20130531,3841.218
20130603,3814.51
20130604,3739.724
20130605,3755.148
20130606,3688.736
20130607,3616.21
20130613,3515.05
20130614,3584.978
20130617,3593.371
20130618,3605.758
20130619,3583.298
20130620,3465.004
20130621,3446.483
20130624,3232.962
20130625,3219.134
20130626,3285.818
20130627,3233.222
20130628,3235.978
20130701,3304.591
20130702,3359.053
20130703,3364.184
20130704,3390.488
20130705,3371.529
20130708,3240.477
20130709,3259.911
20130710,3361.395
20130711,3455.884
20130712,3425.135
20130715,3493.441
20130716,3536.313
20130717,3485.074
20130718,3481.201
20130719,3394.306
20130722,3461.281
20130723,3544.966
20130724,3566.282
20130725,3498.242
20130726,3494.159
20130729,3426.593
20130730,3411.219
20130731,3430.743
20130801,3521.152
20130802,3533.609
20130805,3592.538
20130806,3631.124
20130807,3596.318
20130808,3605.85
20130809,3618.744
20130812,3676.195
20130813,3695.552
20130814,3681.082
20130815,3631.321
20130816,3554.348
20130819,3609.028
20130820,3599.637
20130821,3627.501
20130822,3636.469
20130823,3627.97
20130826,3703.593
20130827,3732.098
20130828,3703.92
20130829,3701.083
20130830,3664.148
20130902,3689.959
20130903,3744.871
20130904,3755.239
20130905,3762.569
20130906,3792.832
20130909,3831.927
20130910,3870.923
20130911,3834.258
20130912,3845.068
20130913,3849.82
20130916,3854.207
20130917,3786.292
20130918,3822.123
20130923,3899.625
20130924,3903.518
20130925,3889.221
20130926,3808.216
20130927,3822.758
20130930,3872.893
20131008,3938.068
20131009,3981.058
20131010,3959.63
20131011,4026.916
20131014,4068.32
20131015,4074.083
20131016,3963.212
20131017,3956.965
20131018,3970.641
20131021,4069.033
20131022,4026.516
20131023,3924.219
20131024,3898.156
20131025,3821.779
20131028,3808.703
20131029,3703.86
20131030,3764.453
20131031,3713.829
20131101,3702.445
20131104,3728.188
20131105,3777.404
20131106,3737.106
20131107,3685.04
20131108,3629.94
20131111,3645.84
20131112,3680.536
20131113,3611.76
20131114,3659.83
20131115,3736.452
20131118,3827.882
20131119,3840.365
20131120,3878.584
20131121,3865.41
20131122,3842.756
20131125,3839.602
20131126,3845.676
20131127,3889.755
20131128,3922.666
20131129,3946.383
20131202,3770.865
20131203,3859.955
20131204,3932.998
20131205,3928.724
20131206,3918.783
20131209,3947.704
20131210,3950.486
20131211,3906.78
20131212,3916.962
20131213,3925.434
20131216,3857.715
20131217,3834.027
20131218,3834.045
20131219,3795.023
20131220,3747.002
20131223,3742.738
20131224,3768.703
20131225,3808.453
20131226,3743.132
20131227,3800.774
20131230,3813.003
20131231,3829.096
20140102,3847.879
20140103,3816.316
20140106,3710.898
20140107,3733.662
20140108,3738.205
20140109,3696.023
20140110,3628.634
20140113,3612.02
20140114,3683.534
20140115,3708.142
20140116,3714.314
20140117,3671.915
20140120,3644.125
20140121,3700.108
20140122,3799.042
20140123,3825.486
20140124,3882.668
20140127,3881.947
20140128,3873.81
20140129,3908.45
20140130,3885.416
20140207,3957.671
20140210,4074.63
20140211,4080.378
20140212,4125.412
20140213,4064.423
20140214,4134.16
20140217,4212.745
20140218,4207.699
20140219,4207.994
20140220,4149.071
20140221,4121.917
20140224,4105.792
20140225,3961.439
20140226,3987.48
20140227,3934.727
20140228,3975.929
20140303,4058.799
20140304,4059.567
20140305,4037.784
20140306,4032.756
20140307,4012.447
20140310,3860.244
20140311,3864.26
20140312,3865.662
20140313,3907.146
20140314,3888.975
20140317,3967.15
20140318,3989.201
20140319,3980.673
20140320,3876.578
20140321,3952.392
20140324,3985.861
20140325,3991.144
20140326,4001.502
20140327,3944.044
20140328,3865.295
20140331,3840.536
20140401,3899.488
20140402,3902.043
20140403,3896.28
20140404,3939.229
20140408,3981.625
20140409,4018.547
20140410,4038.84
20140411,4021.194
20140414,4051.33
20140415,4021.906
20140416,4019.883
20140417,4014.94
20140418,4029.262
20140421,3965.337
20140422,3947.169
20140423,3929.168
20140424,3884.811
20140425,3800.681
20140428,3684.593
20140429,3738.926
20140430,3766.17
20140505,3798.288
20140506,3817.98
20140507,3749.965
20140508,3754.011
20140509,3716.022
20140512,3812.758
20140513,3806.89
20140514,3803.803
20140515,3732.337
20140516,3726.656
20140519,3705.364
20140520,3715.71
20140521,3747.334
20140522,3746.14
20140523,3786.563
20140526,3827.487
20140527,3818.322
20140528,3861.588
20140529,3821.867
20140530,3829.238
20140603,3822.716
20140604,3789.294
20140605,3832.055
20140606,3818.333
20140609,3797.429
20140610,3840.019
20140611,3858.051
20140612,3850.113
20140613,3891.557
20140616,3914.981
20140617,3879.344
20140618,3858.099
20140619,3755.694
20140620,3789.342
20140623,3815.879
20140624,3839.203
20140625,3814.03
20140626,3861.95
20140627,3889.323
20140630,3924.903
20140701,3951.726
20140702,3979.31
20140703,4019.647
20140704,4004.561
20140707,4014.488
20140708,4039.707
20140709,3982.404
20140710,3982.198
20140711,4029.751
20140714,4090.802
20140715,4093.113
20140716,4062.119
20140717,4031.44
20140718,4042.521
20140721,4030.242
20140722,4083.288
20140723,4057.113
20140724,4054.223
20140725,4089.801
20140728,4168.373
20140729,4207.862
20140730,4214.836
20140731,4257.045
20140801,4210.219
20140804,4278.847
20140805,4300.12
20140806,4328.601
20140807,4286.09
20140808,4311.697
20140811,4377.018
20140812,4399.806
20140813,4401.809
20140814,4373.504
20140815,4423.636
20140818,4483.544
20140819,4496.938
20140820,4497.399
20140821,4495.44
20140822,4521.752
20140825,4487.142
20140826,4407.588
20140827,4421.212
20140828,4381.494
20140829,4427.879
20140901,4507.442
20140902,4576.12
20140903,4608.557
20140904,4647.886
20140905,4666.474
20140909,4701.699
20140910,4709.909
20140911,4704.942
20140912,4756.949
20140915,4807.555
20140916,4645.546
20140917,4686.047
20140918,4719.009
20140919,4758.727
20140922,4694.229
20140923,4754.472
20140924,4815.71
20140925,4814.735
20140926,4829.935
20140929,4877.435
20140930,4916.119
20141008,4993.531
20141009,5004.001
20141010,4981.853
20141013,4982.681
20141014,4966.083
20141015,4987.707
20141016,4906.244
20141017,4860.732
20141020,4929.16
20141021,4884.024
20141022,4825.609
20141023,4755.231
20141024,4774.666
20141027,4809.518
20141028,4924.955
20141029,4991.755
20141030,4992.63
20141031,4986.416
20141103,5028.698
20141104,5003.47
20141105,4995.443
20141106,5024.848
20141107,4977.255
20141110,5031.001
20141111,4881.48
20141112,4965.384
20141113,4921.671
20141114,4909.609
20141117,4958.466
20141118,4967.651
20141119,4985.101
20141120,4974.626
20141121,5029.773
20141124,5112.119
20141125,5189.001
20141126,5214.21
20141127,5251.389
20141128,5245.267
20141201,5208.139
20141202,5277.657
20141203,5339.005
20141204,5451.962
20141205,5333.892
20141208,5412.674
20141209,5195.406
20141210,5374.097
20141211,5454.443
20141212,5493.2
20141215,5583.597
20141216,5606.693
20141217,5557.286
20141218,5558.045
20141219,5524.122
20141222,5305.209
20141223,5193.722
20141224,5262.365
20141225,5364.563
20141226,5422.751
20141229,5367.637
20141230,5275.085
20141231,5322.714
20150105,5417.017
20150106,5479.864
20150107,5488.242
20150108,5444.037
20150109,5409.058
20150112,5332.221
20150113,5405.091
20150114,5379.738
20150115,5449.038
20150116,5520.123
20150119,5281.895
20150120,5472.514
20150121,5611.694
20150122,5690.156
20150123,5633.289
20150126,5758.979
20150127,5773.816
20150128,5739.919
20150129,5701.205
20150130,5632.728
20150202,5609.389
20150203,5707.476
20150204,5683.519
20150205,5654.217
20150206,5534.785
20150209,5504.974
20150210,5580.704
20150211,5641.786
20150212,5681.341
20150213,5769.272
20150216,5869.713
20150217,5911.098
20150225,5906.538
20150226,5969.557
20150227,6018.463
20150302,6139.792
20150303,6118.656
20150304,6210.421
20150305,6208.988
20150306,6133.026
20150309,6212.236
20150310,6276.485
20150311,6262.892
20150312,6260.137
20150313,6329.576
20150316,6516.765
20150317,6618.054
20150318,6728.068
20150319,6782.463
20150320,6850.897
20150323,7017.154
20150324,7046.123
20150325,7124.872
20150326,7074.437
20150327,7155.945
20150330,7245.497
20150331,7253.104
20150401,7425.733
20150402,7560.648
20150403,7679.01
20150407,7863.284
20150408,7807.997
20150409,7746.151
20150410,7952.189
20150413,8122.893
20150414,8119.959
20150415,7802.747
20150416,7912.088
20150417,7980.76
20150420,7839.901
20150421,8112.687
20150422,8323.427
20150423,8410.703
20150424,8419.095
20150427,8513.016
20150428,8266.483
20150429,8428.254
20150430,8469.673
20150504,8510.481
20150505,8199.344
20150506,8082.999
20150507,7903.478
20150508,8201.293
20150511,8558.218
20150512,8745.678
20150513,8824.929
20150514,8813.393
20150515,8742.885
20150518,8903.595
20150519,9124.833
20150520,9277.331
20150521,9619.223
20150522,9778.171
20150525,10040.09
20150526,10373.58
20150527,10497.34
20150528,9868.424
20150529,9966.845
20150601,10488.31
20150602,10886.4
20150603,10979.99
20150604,10965.41
20150605,11144.52
20150608,11030.92
20150609,11013.74
20150610,11208.0577
20150611,11366.2931
20150612,11545.8906
20150615,11332.892
20150616,10879.8358
20150617,11100.5456
20150618,10731.3787
20150619,9987.4074
20150623,10046.8849
20150624,10267.6266
20150625,9906.1037
20150626,9078.0648
20150629,8484.6434
20150630,8906.0202
20150701,8411.9097
20150702,7835.1035
20150703,7355.491
20150706,7235.999
20150707,6763.5263
20150708,6602.3735
20150709,6896.3516
20150710,7244.7842
20150713,7695.6351
20150714,7859.0574
20150715,7405.2945
20150716,7578.7585
20150717,7994.6971
20150720,8116.4956
20150721,8220.4627
20150722,8320.2364
20150723,8551.9909
20150724,8425.0739
20150727,7794.1809
20150728,7649.8199
20150729,8022.7956
20150730,7800.5799
20150731,7727.0608
20150803,7540.2053
20150804,7942.0952
20150805,7839.3375
20150806,7792.0278
20150807,8013.3187
20150810,8394.0862
20150811,8435.3271
20150812,8336.3365
20150813,8534.4288
20150814,8625.2423
20150817,8820.4567
20150818,8161.2687
20150819,8340.9828
20150820,8049.5116
20150821,7612.9024
20150824,7006.1885
20150825,6481.4117
20150826,6238.5256
20150827,6456.0548
20150828,6842.8938
20150831,6581.3127
20150901,6169.2072
20150902,6122.5533
20150907,6143.5566
20150908,6374.8551
20150909,6551.0072
20150910,6440.3093
20150911,6493.3191
20150914,6049.7904
20150915,5708.0299
20150916,6084.8367
20150917,5965.409
20150918,6036.8814
20150921,6250.4393
20150922,6295.9258
20150923,6224.6006
20150924,6315.1101
20150925,6108.3764
20150928,6219.6917
20150929,6103.6058
20150930,6123.7274
20151008,6372.4924
20151009,6470.0514
20151012,6718.7221
20151013,6802.0769
20151014,6724.4957
20151015,6929.2374
20151016,7047.5599
20151019,7047.3718
20151020,7162.0754
20151021,6712.7386
20151022,6964.2976
20151023,7138.2344
20151026,7186.7548
20151027,7231.4362
20151028,7048.8952
20151029,7108.9748
20151030,7084.9706
20151102,6936.4315
20151103,6920.1029
20151104,7267.9884
20151105,7276.4505
20151106,7446.8471
20151109,7543.8014
20151110,7575.0084
20151111,7684.666
20151112,7682.4517
20151113,7567.108
20151116,7718.8548
20151117,7650.3808
20151118,7526.9417
20151119,7718.622
20151120,7806.2655
20151123,7744.1822
20151124,7798.4975
20151125,7922.3841
20151126,7874.0797
20151127,7376.1243
20151130,7408.3988
20151201,7443.9452
20151202,7405.8596
20151203,7570.5077
20151204,7511.6749
20151207,7602.2276
20151208,7404.142
20151209,7374.2742
20151210,7350.2098
20151211,7290.7017
20151214,7441.0301
20151215,7498.1813
20151216,7529.4028
20151217,7716.246
20151218,7699.37
20151221,7788.564
20151222,7856.6081
20151223,7773.2825
20151224,7753.0367
20151225,7792.1244
20151228,7603.3609
20151229,7674.3881
20151230,7741.0472
20151231,7617.689
20160104,6983.4044
20160105,6889.7414
20160106,7065.6068
20160107,6462.2428
20160108,6570.4316
20160111,6128.6558
20160112,6136.6632
20160113,5924.044
20160114,6124.8202
20160115,5893.6815
20160118,5978.9076
20160119,6197.0947
20160120,6138.5031
20160121,5886.8835
20160122,5980.6111
20160125,6041.3261
20160126,5589.3069
20160127,5514.1886
20160128,5271.2325
20160129,5469.1254
20160201,5399.4771
20160202,5586.6266
20160203,5610.1734
20160204,5721.4853
20160205,5664.1971
20160215,5668.0398
20160216,5902.5341
20160217,5971.4123
20160218,5957.1305
20160219,5979.5164
20160222,6103.7225
20160223,6070.4998
20160224,6111.0427
20160225,5626.0522
20160226,5648.9376
20160229,5350.4337
20160301,5473.6349
20160302,5753.1482
20160303,5776.977
20160304,5621.5614
20160307,5752.5482
20160308,5764.3253
20160309,5617.0376
20160310,5521.948
20160311,5508.9818
20160314,5690.5904
20160315,5639.8012
20160316,5562.8037
20160317,5745.975
20160318,5949.263
20160321,6099.4805
20160322,6075.4922
20160323,6118.9664
20160324,6018.4242
20160325,6077.4312
20160328,6037.7782
20160329,5921.8672
20160330,6137.5034
20160331,6155.8138
20160401,6124.5278
20160405,6286.5826
20160406,6323.4342
20160407,6228.9737
20160408,6168.7419
20160411,6304.3004
20160412,6252.7729
20160413,6344.2255
20160414,6401.8545
20160415,6384.3496
20160418,6281.2024
20160419,6308.229
20160420,6022.2126
20160421,5970.682
20160422,6011.3201
20160425,5978.0772
20160426,6046.7734
20160427,6016.699
20160428,5990.3285
20160429,5985.594
20160503,6167.4537
20160504,6169.7826
20160505,6203.8166
20160506,5961.489
20160509,5743.6473
20160510,5738.8961
20160511,5723.4104
20160512,5726.4555
20160513,5714.3107
20160516,5812.5423
20160517,5790.3416
20160518,5631.1927
20160519,5666.7331
20160520,5732.9018
20160523,5809.4761
20160524,5743.1782
20160525,5715.1834
20160526,5744.3876
20160527,5739.5897
20160530,5711.3152
20160531,5947.3224
20160601,5973.7799
20160602,6013.8942
20160603,6032.603
20160606,6051.8595
20160607,6045.3571
20160608,6023.8776
20160613,5746.4438
20160614,5762.7612
20160615,5952.846
20160616,5930.5454
20160617,5964.2724
20160620,5985.5691
20160621,5916.8032
20160622,6008.8857
20160623,5978.1737
20160624,5903.6202
20160627,6044.2191
20160628,6107.5105
20160629,6120.2021
20160630,6123.4939
20160701,6111.5385
20160704,6231.8811
20160705,6269.5046
20160706,6297.3969
20160707,6319.7926
20160708,6299.8533
20160711,6312.4988
20160712,6395.1448
20160713,6446.5634
20160714,6455.5827
20160715,6441.0159
20160718,6412.0731
20160719,6431.9383
20160720,6417.9223
20160721,6442.7093
20160722,6390.9254
20160725,6408.7831
20160726,6494.4743
20160727,6229.2885
20160728,6243.2883
20160729,6202.8923
20160801,6109.2782
20160802,6168.5088
20160803,6198.3885
20160804,6238.2309
20160805,6203.2872
20160808,6290.7562
20160809,6341.5497
20160810,6318.2681
20160811,6226.3129
20160812,6299.0915
20160815,6442.5272
20160816,6468.8946
20160817,6488.3648
20160818,6490.408
20160819,6499.5548
20160822,6420.3544
20160823,6428.6978
20160824,6435.0586
20160825,6382.5704
20160826,6410.7335
20160829,6427.5291
20160830,6425.7543
20160831,6434.2103
20160901,6381.4755
20160902,6356.9538
20160905,6391.7923
20160906,6492.9722
20160907,6494.3159
20160908,6517.9835
20160909,6471.053
20160912,6291.6364
20160913,6320.0315
20160914,6278.158
20160919,6344.181
20160920,6342.0328
20160921,6343.7541
20160922,6385.6353
20160923,6370.5834
20160926,6241.5157
20160927,6286.9093
20160928,6281.2838
20160929,6298.7911
20160930,6328.0856
20161010,6447.6934
20161011,6486.4254
20161012,6482.7379
20161013,6484.831
20161014,6469.4915
20161017,6413.1487
20161018,6509.2821
20161019,6495.2574
20161020,6498.2375
20161021,6475.2807
20161024,6539.4661
20161025,6563.3539
20161026,6530.3898
20161027,6517.3594
20161028,6455.8349
20161031,6452.2058
20161101,6507.95
20161102,6455.1295
20161103,6483.7322
20161104,6462.5928
20161107,6468.8171
20161108,6503.1781
20161109,6453.5718
20161110,6536.9651
20161111,6583.8864
20161114,6615.0071
20161115,6640.4616
20161116,6644.1878
20161117,6636.469
20161118,6602.3265
20161121,6611.5399
20161122,6661.246
20161123,6631.1733
20161124,6623.0489
20161125,6652.8177
20161128,6670.8035
20161129,6620.7949
20161130,6585.5776
20161201,6624.4657
20161202,6520.9745
20161205,6486.0173
20161206,6490.8897
20161207,6558.0247
20161208,6527.4338
20161209,6513.9155
20161212,6249.0784
20161213,6278.1793
20161214,6239.4989
20161215,6280.3981
20161216,6318.5239
20161219,6320.7324
20161220,6300.6383
20161221,6347.6058
20161222,6341.7879
20161223,6281.9966
20161226,6294.7546
20161227,6288.8594
20161228,6270.2395
20161229,6252.6076
20161230,6263.6256
20170103,6320.7626
20170104,6394.6694
20170105,6399.2841
20170106,6371.6168
20170109,6415.4176
20170110,6393.9283
20170111,6331.9638
20170112,6272.851
20170113,6194.6575
20170116,6031.2414
20170117,6082.0657
20170118,6068.593
20170119,6043.675
20170120,6121.9983
20170123,6172.1671
20170124,6165.2642
20170125,6179.5681
20170126,6223.7061
20170203,6207.0921
20170206,6259.2471
20170207,6255.927
20170208,6291.5977
20170209,6331.1771
20170210,6337.1081
20170213,6369.6526
20170214,6374.8852
20170215,6311.6959
20170216,6359.3361
20170217,6307.1627
20170220,6385.0625
20170221,6434.4383
20170222,6474.225
20170223,6473.993
20170224,6476.1655
20170227,6424.2549
20170228,6450.9701
20170301,6467.6385
20170302,6434.6262
20170303,6452.839
20170306,6517.3235
20170307,6523.1868
20170308,6497.0878
20170309,6439.3822
20170310,6447.9165
20170313,6507.8964
20170314,6493.4846
20170315,6486.0616
20170316,6543.3407
20170317,6483.2463
20170320,6498.3416
20170321,6515.9458
20170322,6499.7928
20170323,6512.1874
20170324,6546.615
20170327,6516.0326
20170328,6498.6902
20170329,6480.543
20170330,6375.7437
20170331,6401.6479
20170405,6539.9665
20170406,6559.6526
20170407,6578.726
20170410,6566.5441
20170411,6629.1661
20170412,6576.4761
20170413,6615.7042
20170414,6528.1624
20170417,6456.598
20170418,6418.2114
20170419,6350.6465
20170420,6347.7732
20170421,6300.7128
20170424,6138.5049
20170425,6160.4612
20170426,6176.3981
20170427,6192.3044
20170428,6211.8624
20170502,6216.115
20170503,6197.4779
20170504,6176.3053
20170505,6089.6828
20170508,5975.5395
20170509,6012.0016
20170510,5885.841
20170511,5872.6391
20170512,5863.7832
20170515,5893.5075
20170516,6014.7344
20170517,6027.6504
20170518,5976.2998
20170519,5974.9772
20170522,5888.8127
20170523,5764.8759
20170524,5799.2499
20170525,5850.8006
20170526,5836.9338
20170531,5824.1042
20170601,5709.9994
20170602,5772.5174
20170605,5815.8022
20170606,5841.5232
20170607,5955.0153
20170608,5958.977
20170609,5969.2741
20170612,5902.8551
20170613,5980.0566
20170614,5966.4314
20170615,6021.1651
20170616,6012.9996
20170619,6057.4115
20170620,6066.9046
20170621,6078.1925
20170622,5992.3352
20170623,6010.3137
20170626,6111.6406
20170627,6113.1658
20170628,6086.2112
20170629,6116.9932
20170630,6138.1556
20170703,6177.3953
20170704,6146.8527
20170705,6193.9641
20170706,6201.6535
20170707,6226.0108
20170710,6206.5568
20170711,6128.9942
20170712,6132.9922
20170713,6149.9337
20170714,6128.7397
20170717,5876.4592
20170718,5938.4342
20170719,6059.3582
20170720,6099.2835
20170721,6126.1083
20170724,6167.1282
20170725,6153.5984
20170726,6146.7028
20170727,6184.0207
20170728,6215.4633
20170731,6298.0004
20170801,6286.5362
20170802,6251.8627
20170803,6261.9676
20170804,6225.1151
20170807,6303.4209
20170808,6303.716
20170809,6340.022
20170810,6289.2174
20170811,6161.1903
20170814,6292.6418
20170815,6314.7608
20170816,6318.7986
20170817,6366.034
20170818,6347.7557
20170821,6403.7803
20170822,6375.9814
20170823,6322.7819
20170824,6278.59
20170825,6346.5305
20170828,6424.5841
20170829,6408.1567
20170830,6453.4636
20170831,6470.4259
20170901,6526.5046
20170904,6564.6804
20170905,6571.8591
20170906,6607.1176
20170907,6558.5963
20170908,6574.1826
20170911,6649.6276
20170912,6644.0118
20170913,6684.3798
20170914,6672.1849
20170915,6622.0438
20170918,6669.4548
20170919,6636.0201
20170920,6692.4724
20170921,6612.0456
20170922,6572.0096
20170925,6489.8441
20170926,6520.7175
20170927,6583.1401
20170928,6567.7915
20170929,6603.2587
20171009,6678.371
20171010,6705.4812
20171011,6666.4696
20171012,6659.0957
20171013,6709.8164
20171016,6619.2056
20171017,6612.9428
20171018,6563.4369
20171019,6501.3999
20171020,6571.424
20171023,6612.7637
20171024,6603.0042
20171025,6647.892
20171026,6671.9288
20171027,6630.8067
20171030,6511.7616
20171031,6560.2054
20171101,6552.9545
20171102,6484.9258
20171103,6426.9799
20171106,6511.0958
20171107,6551.9363
20171108,6561.6897
20171109,6611.3517
20171110,6641.2164
20171113,6671.2054
20171114,6614.5136
20171115,6537.6563
20171116,6558.3085
20171117,6361.9415
20171120,6433.1702
20171121,6456.352
20171122,6439.4419
20171123,6274.5116
20171124,6278.0287
20171127,6194.5522
20171128,6299.3122
20171129,6318.3684
20171130,6263.421
20171201,6316.4072
20171204,6279.6206
20171205,6132.912
20171206,6172.8031
20171207,6135.4702
20171208,6203.1433
20171211,6286.1656
20171212,6233.2115
20171213,6277.441
20171214,6284.0807
20171215,6235.7608
20171218,6199.9889
20171219,6251.2416
20171220,6199.3628
20171221,6238.4987
20171222,6242.8847
20171225,6185.5907
20171226,6220.1473
20171227,6173.1528
20171228,6204.2702
20171229,6250.8207
20180102,6332.2269
20180103,6388.2533
20180104,6417.535
20180105,6417.2537
20180108,6446.1818
20180109,6445.7462
20180110,6405.9395
20180111,6425.9401
20180112,6399.3737
20180115,6253.3759
20180116,6301.1327
20180117,6267.4599
20180118,6286.8007
20180119,6272.38
20180122,6347.6383
20180123,6354.9978
20180124,6394.2999
20180125,6382.7165
20180126,6383.6312
20180129,6309.8836
20180130,6313.442
20180131,6189.3413
20180201,5984.7428
20180202,6004.8494
20180205,5998.2236
20180206,5704.2641
20180207,5711.3322
20180208,5766.4797
20180209,5554.8974
20180212,5699.0979
20180213,5736.9505
20180214,5754.8344
20180222,5875.7272
20180223,5897.6765
20180226,6029.6795
20180227,6010.5573
20180228,6023.677
20180301,6090.2247
20180302,6056.3354
20180305,6064.0983
20180306,6145.5768
20180307,6086.4874
20180308,6131.5142
20180309,6206.9754
20180312,6295.7776
20180313,6254.1457
20180314,6189.317
20180315,6180.1108
20180316,6146.3058
20180319,6153.8339
20180320,6173.6984
20180321,6129.2042
20180322,6101.2276
20180323,5787.1523
20180326,5902.9588
20180327,6034.775
20180328,5973.3414
20180329,6034.8572
20180330,6114.7382
20180402,6121.9642
20180403,6059.7089
20180404,6017.6863
20180409,6025.6493
20180410,6063.7423
20180411,6086.6126
20180412,6051.3346
20180413,6027.1867
20180416,6012.4053
20180417,5890.8571
20180418,5970.6577
20180419,6004.7334
20180420,5880.8359
20180423,5823.9205
20180424,5957.1927
20180425,5959.422
20180426,5847.9766
20180427,5860.9836
20180502,5855.3233
20180503,5910.6058
20180504,5909.2944
20180507,6019.1409
20180508,6041.8143
20180509,6029.2329
20180510,6040.5716
20180511,5991.3424
20180514,5967.5541
20180515,6020.5697
20180516,6004.0696
20180517,5973.7785
20180518,5995.1497
20180521,6072.1991
20180522,6092.9069
20180523,6013.8472
20180524,5992.6209
20180525,5917.7978
20180528,5891.2627
20180529,5835.4456
20180530,5682.5881
20180531,5754.4746
20180601,5685.1155
20180604,5683.1486
20180605,5779.0778
20180606,5774.2575
20180607,5738.0176
20180608,5669.3031
20180611,5632.3566
20180612,5693.3461
20180613,5607.0173
20180614,5586.9314
20180615,5483.9446
20180619,5141.7095
20180620,5198.3935
20180621,5089.2522
20180622,5160.1228
20180625,5125.0333
20180626,5160.2829
20180627,5109.4975
20180628,5055.1093
20180629,5217.7643
20180702,5138.7826
20180703,5197.1313
20180704,5121.3436
20180705,4982.7627
20180706,4996.6299
20180709,5107.5507
20180710,5136.5326
20180711,5036.1565
20180712,5172.5032
20180713,5204.1855
20180716,5195.2002
20180717,5196.1969
20180718,5156.6363
20180719,5111.3271
20180720,5175.2516
20180723,5214.0038
20180724,5304.641
20180725,5308.6569
20180726,5273.4789
20180727,5249.2904
20180730,5185.151
20180731,5188.7166
20180801,5105.3741
20180802,4996.012
20180803,4929.75
20180806,4825.2508
20180807,4956.8718
20180808,4880.5694
20180809,5004.7733
20180810,5030.5148
20180813,5055.2753
20180814,5037.8831
20180815,4932.8063
20180816,4888.3712
20180817,4803.0285
20180820,4832.6512
20180821,4891.9801
20180822,4837.0183
20180823,4863.6651
20180824,4852.2887
20180827,4960.0655
20180828,4974.2072
20180829,4941.9607
20180830,4867.1214
20180831,4814.8237
20180903,4838.873
20180904,4890.2806
20180905,4815.0343
20180906,4793.3454
20180907,4791.7779
20180910,4704.8782
20180911,4702.9032
20180912,4693.9743
20180913,4721.2121
20180914,4670.0799
20180917,4602.3901
20180918,4683.5056
20180919,4736.8934
20180920,4733.4806
20180921,4805.2151
20180925,4792.5507
20180926,4815.6306
20180927,4755.3803
20180928,4800.7287
20181008,4646.4929
20181009,4634.8939
20181010,4629.8877
20181011,4307.4208
20181012,4278.0353
20181015,4199.1532
20181016,4099.6831
20181017,4133.3832
20181018,4018.4614
20181019,4127.9854
20181022,4333.1445
20181023,4253.5561
20181024,4245.4884
20181025,4234.4208
20181026,4233.9585
20181029,4162.5255
20181030,4204.5424
20181031,4272.5518
20181101,4298.9837
20181102,4437.9456
20181105,4440.8274
20181106,4438.0965
20181107,4415.136
20181108,4382.3286
20181109,4368.6143
20181112,4481.6881
20181113,4563.5351
20181114,4545.5089
20181115,4619.8141
20181116,4659.0965
20181119,4670.737
20181120,4537.4493
20181121,4554.6747
20181122,4551.3264
20181123,4374.7644
20181126,4367.4619
20181127,4387.6515
20181128,4441.8569
20181129,4345.703
20181130,4376.6511
20181203,4515.1735
20181204,4536.2104
20181205,4502.7021
20181206,4411.0884
20181207,4410.9593
20181210,4359.3122
20181211,4395.5702
20181212,4393.324
20181213,4443.1572
20181214,4337.1025
20181217,4330.6465
20181218,4307.2675
20181219,4247.8991
20181220,4259.7614
20181221,4231.144
20181224,4274.7218
20181225,4225.5124
20181226,4208.4053
20181227,4161.2702
20181228,4168.0363
20190102,4131.9567
20190103,4112.807
20190104,4210.8786
20190107,4288.3234
20190108,4277.2967
20190109,4288.7717
20190110,4281.8606
20190111,4314.8757
20190114,4286.5474
20190115,4347.3555
20190116,4336.8779
20190117,4303.7308
20190118,4347.8112
20190121,4373.6333
20190122,4308.2518
20190123,4315.6846
20190124,4338.17
20190125,4318.4417
20190128,4307.2196
20190129,4254.2875
20190130,4211.6235
20190131,4176.4739
20190201,4294.2696
20190211,4402.8668
20190212,4439.485
20190213,4512.4088
20190214,4532.1699
20190215,4502.7348
20190218,4660.999
20190219,4667.2836
20190220,4667.6243
20190221,4659.1431
20190222,4777.2977
20190225,5044.3466
20190226,5038.5435
20190227,5017.8842
20190228,5025.2913
20190301,5067.225
20190304,5158.2467
20190305,5295.2878
20190306,5390.0294
20190307,5458.6153
20190308,5245.6999
20190311,5456.381
20190312,5551.0029
20190313,5424.8642
20190314,5298.5024
20190315,5359.0087
20190318,5501.183
20190319,5522.1801
20190320,5515.7856
20190321,5589.478
20190322,5622.1402
20190325,5549.6711
20190326,5394.8787
20190327,5447.8795
20190328,5370.1234
20190329,5547.6561
20190401,5757.8379
20190402,5775.5497
20190403,5836.0369
20190404,5871.5575
20190408,5847.6296
20190409,5858.0464
20190410,5850.7609
20190411,5727.1749
20190412,5714.3676
20190415,5655.9825
20190416,5777.0111
20190417,5807.7288
20190418,5775.171
20190419,5810.1798
20190422,5723.0417
20190423,5628.0624
20190424,5679.7256
20190425,5458.4194
20190426,5408.0306
20190429,5265.6011
20190430,5307.56
20190506,4908.7984
20190507,4973.4043
20190508,4947.7419
20190509,4888.4128
20190510,5064.323
20190513,5005.9044
20190514,4965.6124
20190515,5076.555
20190516,5108.3588
20190517,4942.5792
20190520,4923.5589
20190521,5009.8725
20190522,4976.3929
20190523,4872.9202
20190524,4841.7573
20190527,4962.947
20190528,4955.4855
20190529,4956.8638
20190530,4926.403
20190531,4912.0005
20190603,4853.8153
20190604,4795.4129
20190605,4783.8245
20190606,4678.7844
20190610,4725.2643
20190611,4901.4723
20190612,4863.4922
20190613,4877.6505
20190614,4795.5267
20190617,4802.8185
20190618,4797.1468
20190619,4858.9164
20190620,4954.7338
20190621,5021.3051
20190624,5024.2046
20190625,4974.9882
20190626,4962.5936
20190627,5007.4833
20190628,4950.4798
20190701,5100.2619
20190702,5084.41
20190703,5040.7227
20190704,5025.0207
20190705,5042.6599
20190708,4870.7807
20190709,4881.6235
20190710,4843.8649
20190711,4844.5474
20190712,4861.5679
20190715,4925.3243
20190716,4932.0458
20190717,4929.085
20190718,4844.1087
20190719,4878.6903
20190722,4776.5749
20190723,4823.9182
20190724,4873.0271
20190725,4891.6432
20190726,4898.1099
20190729,4897.0183
20190730,4922.9175
20190731,4903.203
20190801,4870.469
20190802,4809.9198
20190805,4751.9846
20190806,4650.5627
20190807,4626.3641
20190808,4656.1009
20190809,4600.3526
20190812,4685.045
20190813,4658.3884
20190814,4683.8403
20190815,4706.5504
20190816,4722.6625
20190819,4875.0363
20190820,4872.6061
20190821,4882.7213
20190822,4887.9142
20190823,4887.9024
20190826,4855.4584
20190827,4936.1238
20190828,4928.1935
20190829,4934.1838
20190830,4886.494
20190902,5008.2958
20190903,5044.1805
20190904,5093.2662
20190905,5138.4051
20190906,5154.6378
20190909,5263.4594
20190910,5245.305
20190911,5217.2913
20190912,5242.6115
20190916,5250.3398
20190917,5140.4502
20190918,5141.0381
20190919,5191.6687
20190920,5204.4848
20190923,5171.484
20190924,5180.7418
20190925,5087.0091
20190926,4970.2403
20190927,5005.6299
20190930,4940.903
20191008,4941.7607
20191009,4982.9535
20191010,5046.3594
20191011,5055.5165
20191014,5131.1312
20191015,5061.0029
20191016,5038.356
20191017,5029.854
20191018,4961.8072
20191021,4951.0354
20191022,5005.5525
20191023,4967.1949
20191024,4958.2465
20191025,4994.5684
20191028,5084.4677
20191029,5007.7126
20191030,4947.8954
20191031,4917.4174
20191101,4962.3495
20191104,4987.8364
20191105,5025.3029
20191106,4974.7343
20191107,5007.0666
20191108,4988.2938
20191111,4876.1594
20191112,4881.6144
20191113,4875.543
20191114,4912.1075
20191115,4868.4367
20191118,4892.4609
20191119,4975.1128
20191120,4946.2757
20191121,4945.7188
20191122,4904.0828
20191125,4901.5021
20191126,4882.1624
20191127,4904.2568
20191128,4889.2595
20191129,4894.9416
20191202,4905.4209
20191203,4926.4548
20191204,4920.6682
20191205,4967.6021
20191206,5010.5104
20191209,5024.604
20191210,5049.0514
20191211,5027.2784
20191212,5012.0011
20191213,5073.6858
20191216,5166.0391
20191217,5236.0624
20191218,5235.1248
20191219,5241.7376
20191220,5184.6752
20191223,5084.3505
20191224,5162.0702
20191225,5183.0986
20191226,5219.1404
20191227,5179.1929
20191230,5241.9383
20191231,5267.6622
20200102,5366.1375
20200103,5380.6372
20200106,5434.8503
20200107,5499.8395
20200108,5423.7966
20200109,5497.5429
20200110,5480.2279
20200113,5559.6272
20200114,5542.3316
20200115,5530.0266
20200116,5527.6676
20200117,5510.0453
20200120,5587.5359
20200121,5523.9419
20200122,5575.5126
20200123,5377.7411
20200203,4910.9011
20200204,4996.4743
20200205,5123.9619
20200206,5282.8922
20200207,5327.0369
20200210,5388.4349
20200211,5361.2768
20200212,5459.9461
20200213,5412.8418
20200214,5420.8025
20200217,5594.4366
20200218,5660.8142
20200219,5603.2626
20200220,5706.7127
20200221,5784.0321
20200224,5865.4665
20200225,5897.7219
20200226,5743.3929
20200227,5753.7277
20200228,5451.2897
20200302,5656.4193
20200303,5710.0235
20200304,5716.5112
20200305,5801.1199
20200306,5763.8602
20200309,5525.8167
20200310,5675.1113
20200311,5589.5311
20200312,5493.8838
20200313,5457.2006
20200316,5200.1142
20200317,5212.0619
20200318,5119.4716
20200319,5157.8235
20200320,5219.2809
20200323,4998.9095
20200324,5096.0408
20200325,5217.4237
20200326,5166.1091
20200327,5137.3371
20200330,5027.4856
20200331,5041.4534
20200401,5019.2187
20200402,5147.2019
20200403,5107.0393
20200407,5267.073
20200408,5271.7961
20200409,5322.4614
20200410,5208.5102
20200413,5169.1757
20200414,5288.593
20200415,5268.7497
20200416,5316.9707
20200417,5318.4547
20200420,5381.7857
20200421,5343.8806
20200422,5387.6233
20200423,5357.7904
20200424,5273.5474
20200427,5265.7248
20200428,5227.846
20200429,5226.8116
20200430,5353.8595
20200506,5451.3159
20200507,5445.7519
20200508,5507.6965
20200511,5496.192
20200512,5512.464
20200513,5536.2802
20200514,5487.107
20200515,5507.9336
20200518,5478.8218
20200519,5547.8759
20200520,5489.7024
20200521,5426.1745
20200522,5328.2268
20200525,5316.6036
20200526,5420.2126
20200527,5369.4992
20200528,5361.167
20200529,5406.3403
20200601,5569.48
20200602,5566.4438
20200603,5572.3125
20200604,5576.7535
20200605,5585.4231
20200608,5575.3036
20200609,5610.3774
20200610,5615.2417
20200611,5589.1019
20200612,5591.4871
20200615,5590.6435
20200616,5695.3007
20200617,5735.4183
20200618,5734.403
20200619,5787.1482
20200622,5784.0269
20200623,5804.343
20200624,5789.0893
20200629,5762.4378
20200630,5864.4164
20200701,5881.8875
20200702,5975.2794
20200703,6051.5099
20200706,6299.8551
20200707,6380.0276
20200708,6535.4151
20200709,6693.7452
20200710,6676.4373
20200713,6899.5175
20200714,6807.727
20200715,6638.8384
20200716,6319.9981
20200717,6344.5912
20200720,6526.8325
20200721,6563.3239
20200722,6620.6893
20200723,6620.0859
20200724,6283.9831
20200727,6298.7351
20200728,6359.6637
20200729,6530.2712
20200730,6511.436
20200731,6579.6696
20200803,6739.8085
20200804,6697.7071
20200805,6772.8422
20200806,6770.3016
20200807,6688.8822
20200810,6725.2956
20200811,6600.8472
20200812,6528.3999
20200813,6552.6567
20200814,6623.5633
20200817,6744.5468
20200818,6789.3979
20200819,6666.274
20200820,6593.785
20200821,6643.9444
20200824,6688.9647
20200825,6652.5478
20200826,6525.8786
20200827,6578.7912
20200828,6691.2096
20200831,6668.4331
20200901,6710.4599
20200902,6717.5579
20200903,6662.2515
20200904,6618.5762
20200907,6478.8124
20200908,6525.098
20200909,6349.2234
20200910,6235.5687
20200911,6311.967
20200914,6351.2422
20200915,6387.8805
20200916,6353.836
20200917,6367.0206
20200918,6469.4692
20200921,6445.9649
20200922,6358.652
20200923,6392.0329
20200924,6244.6389
20200925,6236.8904
20200928,6178.4693
20200929,6228.7708
20200930,6192.5045
20201009,6357.9711
20201012,6541.176
20201013,6551.3987
20201014,6508.3743
20201015,6460.0408
20201016,6428.6822
20201019,6358.3213
20201020,6423.1128
20201021,6350.0127
20201022,6317.1438
20201023,6213.2626
20201026,6214.3779
20201027,6221.3414
20201028,6245.9986
20201029,6255.1933
20201030,6111.4803
20201102,6143.1157
20201103,6241.7676
20201104,6234.158
20201105,6351.9789
20201106,6301.2477
20201109,6421.6506
20201110,6373.0853
20201111,6294.6055
20201112,6315.4938
20201113,6306.97
20201116,6387.371
20201117,6336.9406
20201118,6341.0136
20201119,6360.5998
20201120,6422.9854
20201123,6472.9301
20201124,6475.1881
20201125,6350.3667
20201126,6334.3042
20201127,6351.6119
20201130,6320.9441
20201201,6426.6155
20201202,6434.9791
20201203,6440.8808
20201204,6464.7345
20201207,6424.6823
20201208,6423.6513
20201209,6307.2207
20201210,6320.0956
20201211,6209.427
20201214,6259.0175
20201215,6265.5819
20201216,6235.4352
20201217,6308.9013
20201218,6291.918
20201221,6398.5987
20201222,6250.0606
20201223,6307.604
20201224,6205.2247
20201225,6278.4981
20201228,6244.4818
20201229,6199.8523
20201230,6269.2484
20201231,6367.1149
20210104,6482.7868
20210105,6539.7315
20210106,6528.1425
20210107,6538.1162
20210108,6557.5964
20210111,6455.3987
20210112,6543.2286
20210113,6496.9131
20210114,6439.8854
20210115,6417.5011
20210118,6514.4644
20210119,6476.3736
20210120,6535.4185
20210121,6622.4959
20210122,6637.8052
20210125,6645.3137
20210126,6532.961
20210127,6557.1608
20210128,6414.3811
20210129,6346.1371
20210201,6393.278
20210202,6454.7853
20210203,6399.3315
20210204,6328.7881
20210205,6239.8709
20210208,6323.1622
20210209,6457.8814
20210210,6525.1658
20210218,6614.5443
20210219,6703.4821
20210222,6657.056
20210223,6631.2286
20210224,6536.1861
20210225,6499.1528
20210226,6364.3529
20210301,6488.4388
20210302,6433.3282
20210303,6524.7513
20210304,6401.9917
20210305,6403.4964
20210308,6256.4092
20210309,6108.0027
20210310,6062.2552
20210311,6213.8319
20210312,6222.3802
20210315,6173.8721
20210316,6195.2438
20210317,6225.3588
20210318,6273.8556
20210319,6206.6023
20210322,6305.6919
20210323,6219.1666
20210324,6142.5439
20210325,6157.4072
20210326,6251.7941
20210329,6254.9426
20210330,6280.359
20210331,6254.0695
20210401,6311.6644
20210402,6326.6059
20210406,6343.0962
20210407,6348.0761
20210408,6356.7526
20210409,6335.2393
20210412,6226.4182
20210413,6209.7801
20210414,6277.2111
20210415,6276.4609
20210416,6339.5906
20210419,6425.2606
20210420,6428.5411
20210421,6420.2587
20210422,6445.4657
20210423,6462.7558
20210426,6442.6451
20210427,6446.2822
20210428,6489.7441
20210429,6491.9281
20210430,6485.7075
20210506,6489.3485
20210507,6444.4429
20210510,6475.9938
20210511,6456.0376
20210512,6512.0501
20210513,6439.0273
20210514,6525.8036
20210517,6578.1402
20210518,6599.5985
20210519,6584.3869
20210520,6548.7111
20210521,6527.864
20210524,6544.1218
20210525,6619.6707
20210526,6628.2065
20210527,6685.4054
20210528,6668.1696
20210531,6728.9906
20210601,6739.7624
20210602,6681.4285
20210603,6667.7264
20210604,6693.0574
20210607,6721.5019
20210608,6684.5626
20210609,6692.9049
20210610,6765.6436
20210611,6725.9152
20210615,6663.6623
20210616,6566.286
20210617,6616.174
20210618,6657.7635
20210621,6707.1762
20210622,6739.7939
20210623,6789.9464
20210624,6754.8657
20210625,6813.4138
20210628,6828.5162
20210629,6765.4201
20210630,6808.1831
20210701,6716.6658
20210702,6658.0451
20210705,6711.0136
20210706,6709.4983
20210707,6764.1319
20210708,6748.654
20210709,6804.5389
20210712,6904.3818
20210713,6961.8475
20210714,6898.7502
20210715,6932.406
20210716,6925.1232
20210719,6889.3375
20210720,6901.1318
20210721,6984.5418
20210722,7026.5482
20210723,6985.7499
20210726,6868.2074
20210727,6719.2557
20210728,6621.9845
20210729,6758.8869
20210730,6767.316
20210802,6872.0004
20210803,6816.0107
20210804,6931.3365
20210805,6911.8292
20210806,6938.8679
20210809,6979.5256
20210810,7019.2284
20210811,7073.5219
20210812,7095.2024
20210813,7088.8876
20210816,7052.4876
20210817,6894.4042
20210818,6941.008
20210819,6947.0564
20210820,6920.0248
20210823,7024.5647
20210824,7090.7817
20210825,7153.0043
20210826,7118.8442
20210827,7180.1088
20210830,7226.8823
20210831,7255.3418
20210901,7193.1
20210902,7307.0084
20210903,7278.6809
20210906,7355.4013
20210907,7498.9255
20210908,7544.0411
20210909,7617.4505
20210910,7607.6749
20210913,7648.7481
20210914,7556.6157
20210915,7592.3059
20210916,7446.9353
20210917,7395.5645
20210922,7453.6247
20210923,7502.8391
20210924,7380.3843
20210927,7170.5899
20210928,7198.8966
20210929,7010.2192
20210930,7103.6076
20211008,7091.3356
20211011,7090.4673
20211012,6952.1903
20211013,6981.5947
20211014,7008.3326
20211015,7024.1596
20211018,7068.1048
20211019,7120.3794
20211020,7118.7959
20211021,7098.2542
20211022,7026.0676
20211025,7103.9856
20211026,7102.4335
20211027,7048.604
20211028,6950.2768
20211029,7022.4992
20211101,7060.756
20211102,6985.0998
20211103,7017.8541
20211104,7073.8522
20211105,6991.9077
20211108,7026.9715
20211109,7081.7539
20211110,7062.3313
20211111,7119.8589
20211112,7156.6127
20211115,7098.2129
20211116,7045.9387
20211117,7104.5344
20211118,7084.6827
20211119,7169.8759
20211122,7255.0736
20211123,7261.3791
20211124,7256.1117
20211125,7233.5423
20211126,7219.8622
20211129,7221.8978
20211130,7252.7552
20211201,7272.837
20211202,7229.988
20211203,7301.9173
20211206,7240.4558
20211207,7206.8257
20211208,7302.9905
20211209,7320.3177
20211210,7306.646
20211213,7353.0306
20211214,7324.1331
20211215,7314.2586
20211216,7380.9974
20211217,7314.5601
20211220,7195.9732
20211221,7275.4675
20211222,7302.463
20211223,7337.19
20211224,7278.7556
20211227,7272.7493
20211228,7286.0336
20211229,7247.7741
20211230,7310.96
20211231,7359.4024
20220104,7354.4562
20220105,7222.6747
20220106,7229.9601
20220107,7175.676
20220110,7191.4511
20220111,7135.2232
20220112,7196.9327
20220113,7097.7594
20220114,7081.1408
20220117,7157.8593
20220118,7163.1586
20220119,7118.762
20220120,7056.7854
20220121,6976.6155
20220124,6979.2456
20220125,6743.9566
20220126,6782.5763
20220127,6605.9159
20220128,6580.53
20220207,6676.6122
20220208,6742.1921
20220209,6843.0271
20220210,6840.485
20220211,6745.0235
20220214,6695.6958
20220215,6760.2776
20220216,6772.0336
20220217,6768.7888
20220218,6835.0217
20220221,6867.1129
20220222,6784.7622
20220223,6887.4236
20220224,6764.8756
20220225,6819.4311
20220228,6853.3081
20220301,6874.0447
20220302,6875.2404
20220303,6859.5522
20220304,6803.8337
20220307,6659.3902
20220308,6429.8888
20220309,6305.6093
20220310,6414.9402
20220311,6474.1269
20220314,6323.5779
20220315,5964.9813
20220316,6156.2714
20220317,6267.5244
20220318,6332.2166
20220321,6358.943
20220322,6358.1093
20220323,6398.1009
20220324,6344.115
20220325,6268.2376
20220328,6283.2814
20220329,6253.0692
20220330,6377.8744
20220331,6324.9609
20220401,6364.5206
20220406,6356.9271
20220407,6221.5908
20220408,6224.1167
20220411,6029.8935
20220412,6126.9065
20220413,6044.3263
20220414,6126.4902
20220415,6070.7489
20220418,6074.0069
20220419,6092.3963
20220420,5956.9208
20220421,5759.8013
20220422,5740.9844
20220425,5369.7171
20220426,5234.0059
20220427,5437.0374
20220428,5418.7641
20220429,5627.9021
20220505,5686.7023
20220506,5563.7693
20220509,5608.5162
20220510,5690.0868
20220511,5737.8173
20220512,5743.1007
20220513,5796.8014
20220516,5791.0809
20220517,5816.3379
20220518,5797.4896
20220519,5838.4074
20220520,5929.4882
20220523,5965.7277
20220524,5745.6751
20220525,5844.2546
20220526,5911.5607
20220527,5899.915
20220530,5942.8317
20220531,6026.2373
20220601,6023.644
20220602,6078.4349
20220606,6187.4441
20220607,6186.5672
20220608,6217.8276
20220609,6130.6862
20220610,6240.1032
20220613,6233.6194
20220614,6275.5652
20220615,6261.0613
20220616,6264.822
20220617,6316.3092
20220620,6330.3942
20220621,6277.0014
20220622,6179.57
20220623,6300.4746
20220624,6368.2827
20220627,6407.7447
20220628,6501.352
20220629,6374.2974
20220630,6454.0778
20220701,6438.5375
20220704,6523.1311
20220705,6511.5297
20220706,6418.5453
20220707,6452.9863
20220708,6404.4393
20220711,6319.1402
20220712,6241.4793
20220713,6268.4943
20220714,6302.4319
20220715,6196.7999
20220718,6312.3557
20220719,6335.7093
20220720,6410.7088
20220721,6347.5984
20220722,6289.5325
20220725,6231.2355
20220726,6307.956
20220727,6332.2327
20220728,6348.1655
20220729,6294.1144
20220801,6347.2211
20220802,6169.9961
20220803,6124.3146
20220804,6158.7346
20220805,6270.5113
20220808,6323.0746
20220809,6341.4806
20220810,6322.0558
20220811,6439.3586
20220812,6420.853
20220815,6442.8093
20220816,6465.1866
20220817,6493.5047
20220818,6468.8056
20220819,6391.7159
20220822,6472.6799
20220823,6466.4045
20220824,6284.5769
20220825,6322.6961
20220826,6298.3739
20220829,6310.402
20220830,6285.9273
20220831,6155.7455
20220901,6126.7685
20220902,6149.4273
20220905,6182.6465
20220906,6291.5707
20220907,6301.5644
20220908,6272.5752
20220909,6316.9724
20220913,6300.422
20220914,6249.963
20220915,6107.7964
20220916,5954.5037
20220919,5913.1493
20220920,5958.2922
20220921,5978.581
20220922,5965.8854
20220923,5889.6019
20220926,5806.3181
20220927,5920.0531
20220928,5769.5198
20220929,5771.8812
20220930,5714.0629
20221010,5635.7109
20221011,5684.5063
20221012,5820.4537
20221013,5830.3355
20221014,5973.4389
20221017,6015.5963
20221018,6035.6737
20221019,5972.7226
20221020,5948.8621
20221021,5956.8811
20221024,5896.9031
20221025,5869.781
20221026,5971.6009
20221027,5963.0037
20221028,5781.7972
20221031,5807.1063
20221101,5941.1451
20221102,5997.8038
20221103,5996.7187
20221104,6133.4629
20221107,6141.4088
20221108,6134.2564
20221109,6120.8286
20221110,6089.6951
20221111,6138.6211
20221114,6129.5129
20221115,6236.3838
20221116,6203.9174
20221117,6217.2052
20221118,6191.6477
20221121,6189.7092
20221122,6125.3999
20221123,6115.6049
20221124,6120.0659
20221125,6087.8591
20221128,6055.2843
20221129,6163.8214
20221130,6156.1465
20221201,6186.1021
20221202,6168.0127
20221205,6215.1244
20221206,6211.2515
20221207,6204.0051
20221208,6186.2835
20221209,6192.3009
20221212,6154.8092
20221213,6121.6615
20221214,6096.3856
20221215,6101.8787
20221216,6072.8627
20221219,5936.4751
20221220,5878.0314
20221221,5845.835
20221222,5779.0555
20221223,5763.3458
20221226,5843.2555
20221227,5885.6622
20221228,5862.0967
20221229,5857.4021
20221230,5864.4669
20230103,5955.8969
20230104,5952.4538
20230105,6010.4641
20230106,6012.8152
20230109,6040.0193
20230110,6048.2968
20230111,6014.1565
20230112,6015.2871
20230113,6057.6902
20230116,6126.1772
20230117,6132.6391
20230118,6151.4557
20230119,6204.3261
20230120,6251.4337
20230130,6283.3272
20230131,6289.15
20230201,6365.9051
20230202,6370.1411
20230203,6343.6861
20230206,6302.3349
20230207,6317.2377
20230208,6268.2759
20230209,6354.562
20230210,6334.252
20230213,6383.8279
20230214,6397.2146
20230215,6384.3479
20230216,6289.4786
20230217,6237.4053
20230220,6346.0678
20230221,6383.4248
20230222,6375.0684
20230223,6360.3202
20230224,6340.8435
20230227,6307.2057
20230228,6357.5352
20230301,6402.1411
20230302,6382.2322
20230303,6390.3177
20230306,6395.2191
20230307,6284.2986
20230308,6301.5157
20230309,6285.9521
20230310,6204.8989
20230313,6245.0029
20230314,6189.3969
20230315,6224.64
20230316,6140.8317
20230317,6183.1843
20230320,6160.3541
20230321,6234.6793
20230322,6269.7384
20230323,6305.7585
20230324,6310.0979
20230327,6311.5998
20230328,6279.9217
20230329,6260.551
20230330,6286.1773
20230331,6339.8183
20230403,6413.8073
20230404,6408.8994
20230406,6416.8456
20230407,6464.4664
20230410,6410.5218
20230411,6420.877
20230412,6443.4391
20230413,6404.6463
20230414,6431.0688
20230417,6459.2396
20230418,6449.8531
20230419,6416.9696
20230420,6411.7564
20230421,6250.5446
20230424,6208.7797
20230425,6118.1526
20230426,6142.1541
20230427,6157.936
20230428,6241.2441
20230504,6262.3891
20230505,6200.5759
20230508,6248.5828
20230509,6181.9757
20230510,6173.8093
20230511,6154.4703
20230512,6091.6464
20230515,6159.3888
20230516,6110.8271
20230517,6122.0518
20230518,6128.1762
20230519,6117.0833
20230522,6115.3151
20230523,6052.4297
20230524,6005.7913
20230525,5988.1885
20230526,6034.9834
20230529,6025.1552
20230530,6061.3089
20230531,6047.8021
20230601,6051.4603
20230602,6105.2181
20230605,6097.1059
20230606,5983.4202
20230607,5987.011
20230608,5966.1477
20230609,6009.5826
20230612,6027.7122
20230613,6044.0371
20230614,6044.0766
20230615,6096.8075
20230616,6148.0125
20230619,6131.3849
20230620,6126.1133
20230621,5990.8455
20230626,5887.0324
20230627,5948.0029
20230628,5942.3112
20230629,5940.5782
20230630,5998.7293
20230703,6042.3122
20230704,6055.2577
20230705,6020.8212
20230706,5988.5525
20230707,5961.6057
20230710,5984.2814
20230711,6029.2318
20230712,5962.7938
20230713,6044.0583
20230714,6030.5188
20230717,6012.6895
20230718,6001.7998
20230719,5993.4126
20230720,5925.4843
20230721,5925.6255
20230724,5916.7141
20230725,6016.6312
20230726,6001.5402
20230727,5961.1843
20230728,6043.2438
20230731,6088.2431
20230801,6098.8789
20230802,6077.4645
20230803,6098.6868
20230804,6128.556
20230807,6090.7307
20230808,6066.1019
20230809,6021.7506
20230810,6031.7105
20230811,5913.3502
20230814,5916.8029
20230815,5879.7782
20230816,5833.2155
20230817,5874.3609
20230818,5777.7972
20230821,5710.7783
20230822,5741.0606
20230823,5629.4999
20230824,5652.6729
20230825,5581.2116
20230828,5644.1405
20230829,5770.3155
20230830,5775.1534
20230831,5739.3984
20230901,5750.8027
20230904,5829.784
20230905,5788.7149
20230906,5790.3806
20230907,5702.7008
20230908,5708.6227
20230911,5774.7305
20230912,5770.9259
20230913,5715.3973
20230914,5702.102
20230915,5704.6632
20230918,5719.6887
20230919,5687.9007
20230920,5651.0062
20230921,5611.9186
20230922,5698.8168
20230925,5666.6642
20230926,5646.6544
20230927,5674.3451
20230928,5690.7697
20231009,5658.0832
20231010,5630.3714
20231011,5629.7886
20231012,5671.6419
20231013,5633.3831
20231016,5580.6666
20231017,5595.3423
20231018,5524.5988
20231019,5464.027
20231020,5423.6748
20231023,5290.3343
20231024,5352.0123
20231025,5375.9983
20231026,5398.934
20231027,5492.0274
20231030,5546.3881
20231031,5528.2385
20231101,5509.9662
20231102,5459.4517
20231103,5510.357
20231106,5605.0621
20231107,5611.0983
20231108,5608.0173
20231109,5592.0568
20231110,5573.0999
20231113,5605.5688
20231114,5630.5534
20231115,5664.617
20231116,5609.3607
20231117,5631.4233
20231120,5659.7727
20231121,5641.0844
20231122,5572.8986
20231123,5622.9891
20231124,5570.4205
20231127,5566.5069
20231128,5591.4955
20231129,5553.3349
20231130,5545.0504
20231201,5566.8689
20231204,5559.0682
20231205,5460.4088
20231206,5481.824
20231207,5481.1355
20231208,5497.9897
20231211,5564.8538
20231212,5566.1778
20231213,5507.5128
20231214,5489.3267
20231215,5449.7864
20231218,5385.2702
20231219,5379.8735
20231220,5309.2865
20231221,5338.762
20231222,5311.6902
20231225,5315.3746
20231226,5258.2841
20231227,5285.5301
20231228,5382.7966
20231229,5429.2288
20240102,5409.4554
20240103,5401.395
20240104,5355.3216
20240105,5281.8711
20240108,5167.6997
20240109,5180.653
20240110,5158.0784
20240111,5223.8633
20240112,5206.178
20240115,5193.2956
20240116,5190.3975
20240117,5061.5395
20240118,5066.9579
20240119,5018.4332
20240122,4780.9748
20240123,4865.743
20240124,4933.7009
20240125,5073.1779
20240126,5027.0932
20240129,4927.9137
20240130,4814.9908
20240131,4696.9796
20240201,4678.7308
20240202,4563.2221
20240205,4460.2635
20240206,4805.9013
20240207,5109.5685
20240208,5150.2288
20240219,5141.6037
20240220,5140.9575
20240221,5139.0372
20240222,5176.3431
20240223,5197.7115
20240226,5195.4642
20240227,5307.8043
20240228,5184.0471
20240229,5346.7929
20240301,5379.0482
20240304,5388.82
20240305,5351.8268
20240306,5350.1016
20240307,5277.2988
20240308,5349.595
20240311,5441.0507
20240312,5423.7183
20240313,5415.1126
20240314,5392.9267
20240315,5454.1463
20240318,5528.447
20240319,5478.2248
20240320,5493.414
20240321,5465.8286
20240322,5384.5656
20240325,5294.7463
20240326,5284.4188
20240327,5156.684
20240328,5223.806
20240329,5286.1612
20240401,5401.2249
20240402,5381.2291
20240403,5374.5954
20240408,5298.5912
20240409,5342.8982
20240410,5275.4727
20240411,5301.8094
20240412,5277.219
20240415,5339.7223
20240416,5191.554
20240417,5339.7467
20240418,5349.8361
20240419,5314.8667
20240422,5267.5811
20240423,5208.2712
20240424,5263.0391
20240425,5259.3354
20240426,5372.1209
20240429,5478.4908
20240430,5441.1411
20240506,5528.6036
20240507,5527.0847
20240508,5458.7559
20240509,5556.7712
20240510,5535.3954
20240513,5505.2595
20240514,5500.7379
20240515,5446.6557
20240516,5424.6652
20240517,5491.8944
20240520,5523.5013
20240521,5478.9131
20240522,5468.6068
20240523,5362.3053
20240524,5313.4546
20240527,5371.3693
20240528,5316.1286
20240529,5328.3064
20240530,5308.66
20240531,5308.5403
20240603,5274.0687
20240604,5341.9496
20240605,5277.9405
20240606,5228.8002
20240607,5208.9798
20240611,5217.4702
20240612,5232.9534
20240613,5194.59
20240614,5213.0927
20240617,5207.128
20240618,5230.8913
20240619,5168.8204
20240620,5094.5653
20240621,5102.3292
20240624,4992.9097
20240625,4948.6343
20240626,5020.4318
20240627,4928.0514
20240628,4942.7817
20240701,5003.1608
20240702,4949.4771
20240703,4910.9245
20240704,4834.4982
20240705,4866.2647
20240708,4783.6165
20240709,4876.899
20240710,4844.1624
20240711,4939.7318
20240712,4919.3639
20240715,4883.8971
20240716,4898.3626
20240717,4856.5794
20240718,4877.6916
20240719,4872.0532
20240722,4865.9778
20240723,4722.7994
20240724,4668.0621
20240725,4665.4488
20240726,4736.3771
20240729,4708.8443
20240730,4699.282
20240731,4886.4136
20240801,4852.9725
20240802,4788.6159
20240805,4693.8478
20240806,4750.776
20240807,4751.9408
20240808,4755.8149
20240809,4720.3104
20240812,4714.1586
20240813,4731.8353
20240814,4667.0731
20240815,4698.375
20240816,4670.3789
20240819,4682.9628
20240820,4602.0095
20240821,4587.1218
20240822,4533.3695
20240823,4537.0872
20240826,4544.3594
20240827,4495.2856
20240828,4500.0088
20240829,4557.9006
20240830,4639.1144
20240902,4546.8832
20240903,4596.4819
20240904,4582.084
20240905,4601.0911
20240906,4537.4544
20240909,4507.1866
20240910,4507.7074
20240911,4514.9158
20240912,4496.5919
20240913,4450.9587
20240918,4462.8701
20240919,4520.3939
20240920,4498.3901
20240923,4494.6878
20240924,4689.5964
20240925,4731.4755
20240926,4938.1839
20240927,5201.6656
20240930,5743.217
20241008,6155.5817
20241009,5735.641
20241010,5690.8822
20241011,5470.8133
20241014,5608.153
20241015,5472.56
20241016,5461.0877
20241017,5418.9883
20241018,5640.0198
20241021,5704.225
20241022,5753.8497
20241023,5776.383
20241024,5726.7041
20241025,5809.6879
20241028,5883.7203
20241029,5812.5286
20241030,5837.9338
20241031,5901.2904
20241101,5831.8217
20241104,5928.9085
20241105,6111.9707
20241106,6125.7868
20241107,6239.5598
20241108,6222.445
20241111,6330.6152
20241112,6263.883
20241113,6259.8412
20241114,6078.3051
20241115,5924.4834
20241118,5833.0358
20241119,5936.6015
20241120,5992.3904
20241121,5985.3128
20241122,5750.2457
20241125,5735.6493
20241126,5690.4792
20241127,5804.9368
20241128,5757.5965
20241129,5851.9385
20241202,5943.6245
20241203,5932.1207
20241204,5879.2695
20241205,5901.9859
20241206,5979.197
20241209,5947.1089
20241210,5992.0937
20241211,6047.105
20241212,6100.3945
20241213,5988.292
20241216,5912.6014
20241217,5848.1628
20241218,5888.6162
20241219,5901.9155
20241220,5917.1751
20241223,5818.551
20241224,5895.2595
20241225,5840.2889
20241226,5887.0605
20241227,5899.1665
20241230,5898.884
20241231,5725.7324
20250102,5545.8174
20250103,5427.8041
20250106,5427.1007
20250107,5484.6847
20250108,5461.5861
20250109,5456.5863
20250110,5369.2811
20250113,5381.6974
20250114,5572.2722
20250115,5522.459
20250116,5545.6336
20250117,5587.2939
20250120,5614.3311
20250121,5633.9249
20250122,5607.0594
20250123,5584.2548
20250124,5649.9504
20250127,5589.3432
20250205,5614.3872
20250206,5747.9012
20250207,5833.9883
20250210,5888.5509
20250211,5858.2805
20250212,5940.5299
20250213,5898.2611
20250214,5947.796
20250217,5948.7197
20250218,5840.7112
20250219,5943.8823
20250220,5957.5465
20250221,6057.0648
20250224,6044.973
20250225,5979.9653
20250226,6051.7401
20250227,6028.9856
20250228,5859.8708
20250303,5885.7696
20250304,5937.6302
20250305,5950.7034
20250306,6047.7734
20250307,6013.7747
20250310,6013.6191
20250311,6044.9742
20250312,6040.4965
20250313,5993.967
20250314,6099.9809
20250317,6108.0176
20250318,6133.3018
20250319,6101.4369
20250320,6059.4859
20250321,5971.9302
20250324,5969.0789
20250325,5946.951
20250326,5948.4986
20250327,5957.6017
20250328,5916.0314
20250331,5857.7721
20250401,5892.8502
20250402,5899.0865
20250403,5845.5045
20250407,5287.0333
20250408,5326.914
20250409,5439.7716
20250410,5544.0646
20250411,5581.3184
20250414,5627.1375
20250415,5602.534
20250416,5556.8642
20250417,5557.0105
20250418,5560.7207
20250421,5642.3805
20250422,5624.209
20250423,5634.9487
20250424,5605.8796
20250425,5627.1804
20250428,5598.2951
20250429,5604.9057
20250430,5631.8249
20250506,5740.3338
20250507,5750.2911
20250508,5773.8056
20250509,5721.7225
20250512,5793.6743
20250513,5781.6683
20250514,5799.1191
20250515,5715.2966
20250516,5715.8491
20250519,5720.7949
20250520,5747.367
20250521,5757.9225
20250522,5703.2797
20250523,5653.0436
20250526,5669.4609
20250527,5652.1454
20250528,5637.2378
20250529,5719.9101
20250530,5671.0723
20250603,5694.8385
20250604,5739.0058
20250605,5769.9675
20250606,5762.0778
20250609,5805.6543
20250610,5757.9921
20250611,5792.9464
20250612,5799.9319
20250613,5740.2397
20250616,5767.8083
20250617,5750.9122
20250618,5745.8714
20250619,5676.8317
20250620,5639.513
20250623,5674.1704
20250624,5765.8373
20250625,5862.5529
20250626,5838.2454
20250627,5863.7282
20250630,5915.3876
20250701,5934.67
20250702,5892.9505
20250703,5922.66
20250704,5911.4352
20250707,5900.4056
20250708,5977.7437
20250709,5953.4871
20250710,5983.0505
20250711,6027.0789
20250714,6020.8585
20250715,6018.7583
20250716,6017.1947
20250717,6082.4644
20250718,6099.6104
20250721,6161.3086
20250722,6213.4072
20250723,6196.7577
20250724,6293.5984
20250725,6299.5908
20250728,6323.4198
20250729,6356.1327
20250730,6314.6873
20250731,6226.3432
20250801,6213.2014
20250804,6261.7313
20250805,6303.2359
20250806,6357.3769
20250807,6337.5425
20250808,6323.4999
20250811,6391.7595
20250812,6418.1595
20250813,6508.0978
20250814,6429.8462
20250815,6568.57
20250818,6668.1726
20250819,6655.3105
20250820,6728.0692
20250821,6704.1657
20250822,6822.8469
20250825,6951.8955
20250826,6964.0653
20250827,6862.5624
20250828,7011.1602
20250829,7043.9416
20250901,7110.2882
20250902,6961.6894
20250903,6868.4615
20250904,6698.4474
20250905,6913.9532
20250908,6992.1169
20250909,6928.9651
20250910,6932.1092
20250911,7122.7051
20250912,7147.7489
20250915,7137.3627
20250916,7190.9928
20250917,7260.0353
20250918,7199.8828
20250919,7170.3488
20250922,7225.1281
20250923,7180.7137
20250924,7323.7093
20250925,7341.3238
20250926,7240.9114
20250929,7350.5599
20250930,7412.3684
20251009,7548.9226
20251010,7398.2241
20251013,7376.5636
20251014,7194.8509
20251015,7294.0014
20251016,7231.5336
20251017,7016.0661
20251020,7069.6412
20251021,7185.624
20251022,7128.4776
20251023,7142.9536
20251024,7258.5343
20251027,7379.3941
20251028,7341.0304
20251029,7480.9666
20251030,7385.7109
20251031,7331.0031
20251103,7333.6013
20251104,7210.8253
20251105,7229.341
20251106,7345.723
20251107,7327.9108
20251110,7343.8017
20251111,7291.6084
20251112,7243.2483
20251113,7355.2911
20251114,7235.4617
20251117,7235.3512
20251118,7151.0176
20251119,7122.7465
20251120,7061.9497
20251121,6817.4103
20251124,6868.9664
20251125,6954.6034
20251126,6965.0453
20251127,6951.2844
20251128,7031.5505
20251201,7101.8323
20251202,7040.3008
20251203,6996.3552
20251204,7012.8061
20251205,7097.8389
20251208,7172.3671
20251209,7121.3256
20251210,7155.9944
20251211,7082.8932
20251212,7169.791
20251215,7113.962
20251216,7001.3188
20251217,7137.8339
20251218,7100.8359
20251219,7169.5511
20251222,7255.6607
20251223,7256.7864
20251224,7352.0396
20251225,7410.7119
20251226,7458.8386
20251229,7430.6147
20251230,7458.936
20251231,7465.5742
20260105,7651.1981
20260106,7814.1356
20260107,7875.0822
20260108,7894.5447
20260109,8056.6858
20260112,8249.1275
20260113,8143.28
20260114,8227.697
20260115,8223.2683
20260116,8232.674
20260119,8287.947
20260120,8247.8049
20260121,8340.1133
20260122,8387.595
20260123,8590.1659
20260126,8506.6932
20260127,8548.9321
20260128,8601.1644
20260129,8517.8429
20260130,8370.5203
20260202,8037.0456
20260203,8286.7005
20260204,8299.0574
20260205,8146.1073
20260206,8146.4128
20260209,8311.2829
20260210,8306.4448
20260211,8325.8107
20260212,8423.5695
20260213,8299.585
20260224,8392.9098
20260225,8527.5593
20260226,8557.216
20260227,8658.4503
20260302,8658.3336
20260303,8281.6139
20260304,8248.945
20260305,8309.1713
20260306,8360.3347
20260309,8279.4811
20260310,8410.303
20260311,8403.3296
20260312,8359.4721
20260313,8239.798
20260316,8185.152
20260317,8016.0262
20260318,8096.4276
20260319,7877.09
20260320,7760.0365
20260323,7440.7451
20260324,7597.3732
20260325,7767.6654
20260326,7642.1302
20260327,7737.6144
20260330,7753.7234
20260331,7617.3262
20260401,7750.0924
20260402,7605.2932
20260403,7534.938
20260407,7571.1106
20260408,7945.1527
20260409,7898.6329
20260410,7969.3646
20260413,7967.697
20260414,8088.5687
20260415,8044.0773
20260416,8180.0815
20260417,8214.1939
20260420,8290.0224
20260421,8270.3266
20260422,8376.1808
20260423,8295.207
20260424,8247.8759
20260427,8299.0486
20260428,8203.9614
20260429,8342.4217
20260430,8349.5081
20260506,8588.4399
20260507,8696.7989
20260508,8694.1709
20260511,8839.7415
20260512,8785.9791
20260513,8918.239
20260514,8670.1574
20260515,8536.3444
20260518,8554.2372
20260519,8627.9461
20260520,8656.3062
20260521,8419.8373
20260522,8576.9402
20260525,8703.8901
20260526,8658.6192
20260527,8530.9802
20260528,8563.2218
20260529,8359.5596
20260601,8274.212
20260602,8321.4347
20260603,8362.156
20260604,8356.7444
20260605,8251.1407
20260608,7963.4529
20260609,8176.1785
20260610,8063.8637
20260611,8035.7788
20260612,8106.203
20260615,8406.7479
20260616,8507.9799
20260617,8627.0862
20260618,8673.0899
20260622,8868.782
20260623,8688.5923
20260624,8842.9378
20260625,8938.0113
20260626,8703.5652
20260629,8821.0944
20260630,9031.3788
20260701,9028.9326
20260702,8694.1756
20260703,8745.2607
20260706,8651.1339
20260707,8508.7885
20260708,8390.0194
20260709,8652.787
20260710,8503.9705
20260713,8138.1443
20260714,8275.9388
20260715,8147.5786
20260716,7955.6635
20260717,7513.7627
20260720,7411.3134
20260721,7800.6085
20260722,7751.6618
20260723,7734.31
20260724,7532.7006
20260727,7720.5975
20260728,7443.4332
20260729,7524.5075
20260730,7309.5753
