trade_date,sse,chinext,diff
20210721,3562.661,3560.046,-2.62
20210722,3574.734,3544.436,-30.3
20210723,3550.396,3469.873,-80.52
20210726,3467.441,3371.228,-96.21
20210727,3381.183,3232.839,-148.34
20210728,3361.59,3284.92,-76.67
20210729,3411.724,3459.721,48.0
20210730,3397.357,3440.182,42.82
20210802,3464.285,3493.359,29.07
20210803,3447.991,3477.229,29.24
20210804,3477.219,3563.127,85.91
20210805,3466.549,3532.5,65.95
20210806,3458.228,3490.902,32.67
20210809,3494.635,3456.747,-37.89
20210810,3529.931,3468.67,-61.26
20210811,3532.621,3437.058,-95.56
20210812,3524.737,3386.432,-138.31
20210813,3516.299,3345.126,-171.17
20210816,3517.345,3301.391,-215.95
20210817,3446.976,3224.153,-222.82
20210818,3485.286,3248.373,-236.91
20210819,3465.555,3278.357,-187.2
20210820,3427.334,3192.9,-234.43
20210823,3477.132,3293.77,-183.36
20210824,3514.471,3330.58,-183.89
20210825,3540.384,3348.662,-191.72
20210826,3501.664,3264.45,-237.21
20210827,3522.157,3257.072,-265.09
20210830,3528.151,3271.803,-256.35
20210831,3543.94,3214.117,-329.82
20210901,3567.101,3186.85,-380.25
20210902,3597.043,3138.803,-458.24
20210903,3581.734,3102.145,-479.59
20210906,3621.859,3228.088,-393.77
20210907,3676.587,3251.487,-425.1
20210908,3675.187,3219.947,-455.24
20210909,3693.13,3221.941,-471.19
20210910,3703.11,3232.01,-471.1
20210913,3715.372,3194.275,-521.1
20210914,3662.602,3236.547,-426.05
20210915,3656.223,3200.4,-455.82
20210916,3607.092,3128.845,-478.25
20210917,3613.966,3193.261,-420.7
20210922,3628.49,3164.328,-464.16
20210923,3642.22,3182.467,-459.75
20210924,3613.067,3207.817,-405.25
20210927,3582.831,3231.582,-351.25
20210928,3602.218,3211.454,-390.76
20210929,3536.294,3175.152,-361.14
20210930,3568.167,3244.646,-323.52
20211008,3592.167,3243.204,-348.96
20211011,3591.709,3196.189,-395.52
20211012,3546.936,3138.263,-408.67
20211013,3561.762,3210.159,-351.6
20211014,3558.28,3215.736,-342.54
20211015,3572.366,3276.321,-296.05
20211018,3568.138,3276.484,-291.65
20211019,3593.153,3297.293,-295.86
20211020,3587.001,3285.122,-301.88
20211021,3594.783,3279.487,-315.3
20211022,3582.604,3284.911,-297.69
20211025,3609.863,3338.624,-271.24
20211026,3597.638,3327.537,-270.1
20211027,3562.305,3308.962,-253.34
20211028,3518.417,3278.359,-240.06
20211029,3547.336,3350.665,-196.67
20211101,3544.48,3331.915,-212.57
20211102,3505.628,3339.597,-166.03
20211103,3498.537,3327.086,-171.45
20211104,3526.866,3362.249,-164.62
20211105,3491.568,3352.754,-138.81
20211108,3498.631,3380.292,-118.34
20211109,3507.002,3409.942,-97.06
20211110,3492.462,3399.663,-92.8
20211111,3532.786,3433.241,-99.55
20211112,3539.1,3430.141,-108.96
20211115,3533.303,3401.874,-131.43
20211116,3521.787,3393.715,-128.07
20211117,3537.366,3421.329,-116.04
20211118,3520.711,3383.906,-136.8
20211119,3560.373,3418.96,-141.41
20211122,3582.08,3505.727,-76.35
20211123,3589.089,3492.769,-96.32
20211124,3592.703,3478.662,-114.04
20211125,3584.179,3474.451,-109.73
20211126,3564.089,3468.866,-95.22
20211129,3562.697,3503.409,-59.29
20211130,3563.887,3495.593,-68.29
20211201,3576.885,3473.366,-103.52
20211202,3573.836,3466.914,-106.92
20211203,3607.432,3478.666,-128.77
20211206,3589.306,3405.935,-183.37
20211207,3595.088,3368.784,-226.3
20211208,3637.568,3424.704,-212.86
20211209,3673.041,3459.319,-213.72
20211210,3666.348,3466.797,-199.55
20211213,3681.082,3496.962,-184.12
20211214,3661.525,3495.06,-166.47
20211215,3647.63,3464.758,-182.87
20211216,3675.016,3490.449,-184.57
20211217,3632.364,3434.339,-198.03
20211220,3593.602,3332.606,-261.0
20211221,3625.125,3350.429,-274.7
20211222,3622.618,3368.699,-253.92
20211223,3643.339,3373.703,-269.64
20211224,3618.054,3297.106,-320.95
20211227,3615.974,3293.811,-322.16
20211228,3630.112,3328.559,-301.55
20211229,3597.0,3281.897,-315.1
20211230,3619.189,3322.795,-296.39
20211231,3639.775,3322.673,-317.1
20220104,3632.329,3250.159,-382.17
20220105,3595.176,3161.507,-433.67
20220106,3586.079,3127.48,-458.6
20220107,3579.543,3096.881,-482.66
20220110,3593.519,3095.689,-497.83
20220111,3567.441,3056.153,-511.29
20220112,3597.432,3136.685,-460.75
20220113,3555.259,3083.141,-472.12
20220114,3521.256,3119.408,-401.85
20220117,3541.666,3170.408,-371.26
20220118,3569.914,3144.334,-425.58
20220119,3558.18,3075.977,-482.2
20220120,3555.063,3065.994,-489.07
20220121,3522.568,3034.68,-487.89
20220124,3524.105,3056.434,-467.67
20220125,3433.061,2974.955,-458.11
20220126,3455.668,3004.412,-451.26
20220127,3394.247,2906.763,-487.48
20220128,3361.44,2908.945,-452.49
20220207,3429.581,2917.864,-511.72
20220208,3452.629,2846.482,-606.15
20220209,3479.946,2883.597,-596.35
20220210,3485.907,2826.517,-659.39
20220211,3462.948,2746.383,-716.56
20220214,3428.882,2732.01,-696.87
20220215,3446.089,2816.444,-629.64
20220216,3465.831,2818.397,-647.43
20220217,3468.035,2839.825,-628.21
20220218,3490.757,2826.813,-663.94
20220221,3490.612,2804.598,-686.01
20220222,3457.146,2765.91,-691.24
20220223,3489.147,2843.866,-645.28
20220224,3429.956,2783.899,-646.06
20220225,3451.406,2855.803,-595.6
20220228,3462.306,2881.307,-581.0
20220301,3488.835,2885.786,-603.05
20220302,3484.192,2834.636,-649.56
20220303,3481.113,2791.949,-689.16
20220304,3447.649,2748.638,-699.01
20220307,3372.855,2630.371,-742.48
20220308,3293.53,2582.986,-710.54
20220309,3256.388,2566.719,-689.67
20220310,3296.092,2635.194,-660.9
20220311,3309.747,2665.462,-644.28
20220314,3223.533,2570.447,-653.09
20220315,3063.965,2504.783,-559.18
20220316,3170.71,2635.083,-535.63
20220317,3215.045,2710.726,-504.32
20220318,3251.072,2713.795,-537.28
20220321,3253.686,2726.18,-527.51
20220322,3259.862,2688.234,-571.63
20220323,3271.033,2715.954,-555.08
20220324,3250.264,2706.215,-544.05
20220325,3212.24,2637.944,-574.3
20220328,3214.503,2594.128,-620.38
20220329,3203.939,2592.666,-611.27
20220330,3266.596,2696.826,-569.77
20220331,3252.203,2659.493,-592.71
20220401,3282.717,2666.97,-615.75
20220406,3283.426,2633.91,-649.52
20220407,3236.695,2578.533,-658.16
20220408,3251.85,2569.911,-681.94
20220411,3167.126,2462.044,-705.08
20220412,3213.33,2523.694,-689.64
20220413,3186.824,2466.841,-719.98
20220414,3225.641,2466.293,-759.35
20220415,3211.245,2460.362,-750.88
20220418,3195.524,2487.774,-707.75
20220419,3194.029,2453.545,-740.48
20220420,3151.05,2363.653,-787.4
20220421,3079.808,2312.456,-767.35
20220422,3086.919,2296.595,-790.32
20220425,2928.512,2169.004,-759.51
20220426,2886.426,2150.513,-735.91
20220427,2958.282,2269.171,-689.11
20220428,2975.485,2227.655,-747.83
20220429,3047.062,2319.137,-727.92
20220505,3067.759,2288.404,-779.36
20220506,3001.561,2244.969,-756.59
20220509,3004.141,2228.073,-776.07
20220510,3035.844,2276.345,-759.5
20220511,3058.703,2346.152,-712.55
20220512,3054.994,2351.271,-703.72
20220513,3084.285,2358.161,-726.12
20220516,3073.749,2331.23,-742.52
20220517,3093.697,2369.089,-724.61
20220518,3085.977,2365.377,-720.6
20220519,3096.965,2377.127,-719.84
20220520,3146.567,2417.349,-729.22
20220523,3146.857,2410.122,-736.74
20220524,3070.927,2318.075,-752.85
20220525,3107.464,2325.597,-781.87
20220526,3123.108,2321.134,-801.97
20220527,3130.239,2322.482,-807.76
20220530,3149.061,2350.384,-798.68
20220531,3186.427,2405.085,-781.34
20220601,3182.157,2428.957,-753.2
20220602,3195.458,2458.256,-737.2
20220606,3236.372,2554.659,-681.71
20220607,3241.764,2554.627,-687.14
20220608,3263.793,2576.335,-687.46
20220609,3238.954,2500.205,-738.75
20220610,3284.834,2556.473,-728.36
20220613,3255.551,2546.488,-709.06
20220614,3288.907,2548.314,-740.59
20220615,3305.407,2575.086,-730.32
20220616,3285.385,2585.471,-699.91
20220617,3316.786,2657.212,-659.57
20220620,3315.43,2710.141,-605.29
20220621,3306.719,2692.985,-613.73
20220622,3267.202,2677.285,-589.92
20220623,3320.149,2760.102,-560.05
20220624,3349.747,2824.44,-525.31
20220627,3379.185,2830.597,-548.59
20220628,3409.21,2840.42,-568.79
20220629,3361.518,2768.61,-592.91
20220630,3398.616,2810.601,-588.01
20220701,3387.637,2781.943,-605.69
20220704,3405.427,2834.689,-570.74
20220705,3404.025,2825.131,-578.89
20220706,3355.35,2802.715,-552.63
20220707,3364.398,2849.706,-514.69
20220708,3356.078,2817.639,-538.44
20220711,3313.584,2767.461,-546.12
20220712,3281.467,2702.693,-578.77
20220713,3284.292,2746.86,-537.43
20220714,3281.744,2819.129,-462.62
20220715,3228.061,2760.499,-467.56
20220718,3278.103,2800.357,-477.75
20220719,3279.431,2750.866,-528.57
20220720,3304.724,2765.162,-539.56
20220721,3272.001,2751.415,-520.59
20220722,3269.974,2737.314,-532.66
20220725,3250.388,2704.945,-545.44
20220726,3277.436,2713.458,-563.98
20220727,3275.755,2714.249,-561.51
20220728,3282.576,2705.901,-576.68
20220729,3253.238,2670.451,-582.79
20220801,3259.959,2733.736,-526.22
20220802,3186.266,2678.621,-507.64
20220803,3163.674,2628.818,-534.86
20220804,3189.039,2640.776,-548.26
20220805,3227.027,2683.602,-543.43
20220808,3236.934,2675.686,-561.25
20220809,3247.432,2694.8,-552.63
20220810,3230.02,2658.585,-571.43
20220811,3281.665,2721.493,-560.17
20220812,3276.888,2690.831,-586.06
20220815,3276.087,2718.593,-557.49
20220816,3277.885,2731.393,-546.49
20220817,3292.526,2777.91,-514.62
20220818,3277.544,2775.821,-501.72
20220819,3258.078,2734.218,-523.86
20220822,3277.794,2779.016,-498.78
20220823,3276.223,2780.306,-495.92
20220824,3215.203,2679.048,-536.16
20220825,3246.248,2667.301,-578.95
20220826,3236.223,2640.291,-595.93
20220829,3240.728,2630.505,-610.22
20220830,3227.22,2612.142,-615.08
20220831,3202.138,2570.415,-631.72
20220901,3184.98,2533.854,-651.13
20220902,3186.478,2533.023,-653.45
20220905,3199.912,2538.204,-661.71
20220906,3243.447,2540.635,-702.81
20220907,3246.294,2570.801,-675.49
20220908,3235.586,2523.006,-712.58
20220909,3262.054,2548.216,-713.84
20220913,3263.797,2550.626,-713.17
20220914,3237.542,2503.825,-733.72
20220915,3199.919,2424.192,-775.73
20220916,3126.398,2367.398,-759.0
20220919,3115.602,2350.376,-765.23
20220920,3122.406,2366.904,-755.5
20220921,3117.177,2331.516,-785.66
20220922,3108.91,2319.419,-789.49
20220923,3088.37,2303.905,-784.46
20220926,3051.226,2323.052,-728.17
20220927,3093.862,2374.737,-719.12
20220928,3045.067,2313.77,-731.3
20220929,3041.205,2332.995,-708.21
20220930,3024.391,2288.969,-735.42
20221010,2974.145,2236.245,-737.9
20221011,2979.793,2261.892,-717.9
20221012,3025.506,2343.3,-682.21
20221013,3016.356,2350.686,-665.67
20221014,3071.987,2434.219,-637.77
20221017,3084.942,2435.023,-649.92
20221018,3080.957,2446.928,-634.03
20221019,3044.378,2425.957,-618.42
20221020,3035.05,2401.716,-633.33
20221021,3038.929,2395.157,-643.77
20221024,2977.555,2336.839,-640.72
20221025,2976.283,2314.551,-661.73
20221026,2999.504,2372.876,-626.63
20221027,2982.903,2337.253,-645.65
20221028,2915.926,2250.51,-665.42
20221031,2893.483,2265.078,-628.41
20221101,2969.2,2337.653,-631.55
20221102,3003.37,2375.862,-627.51
20221103,2997.806,2376.061,-621.74
20221104,3070.796,2451.223,-619.57
20221107,3077.817,2454.694,-623.12
20221108,3064.493,2432.403,-632.09
20221109,3048.168,2399.336,-648.83
20221110,3036.132,2357.126,-679.01
20221111,3087.293,2405.318,-681.97
20221114,3083.401,2375.207,-708.19
20221115,3134.078,2431.733,-702.34
20221116,3119.98,2402.905,-717.07
20221117,3115.435,2385.861,-729.57
20221118,3097.243,2389.76,-707.48
20221121,3085.044,2387.296,-697.75
20221122,3088.943,2343.554,-745.39
20221123,3096.907,2340.337,-756.57
20221124,3089.31,2335.525,-753.78
20221125,3101.693,2309.36,-792.33
20221128,3078.549,2298.801,-779.75
20221129,3149.748,2339.793,-809.96
20221130,3151.335,2345.313,-806.02
20221201,3165.471,2381.183,-784.29
20221202,3156.144,2383.322,-772.82
20221205,3211.814,2377.108,-834.71
20221206,3212.533,2393.281,-819.25
20221207,3199.619,2414.044,-785.58
20221208,3197.35,2411.812,-785.54
20221209,3206.95,2420.629,-786.32
20221212,3179.042,2401.523,-777.52
20221213,3176.326,2376.205,-800.12
20221214,3176.525,2368.079,-808.45
20221215,3168.648,2399.124,-769.52
20221216,3167.858,2373.724,-794.13
20221219,3107.115,2346.697,-760.42
20221220,3073.766,2310.799,-762.97
20221221,3068.411,2303.703,-764.71
20221222,3054.431,2295.32,-759.11
20221223,3045.866,2286.188,-759.68
20221226,3065.563,2331.41,-734.15
20221227,3095.568,2359.5,-736.07
20221228,3087.4,2338.258,-749.14
20221229,3073.702,2349.383,-724.32
20221230,3089.258,2346.767,-742.49
20230103,3116.512,2356.424,-760.09
20230104,3123.516,2335.122,-788.39
20230105,3155.216,2399.458,-755.76
20230106,3157.637,2422.141,-735.5
20230109,3176.085,2440.366,-735.72
20230110,3169.507,2474.005,-695.5
20230111,3161.838,2445.971,-715.87
20230112,3163.451,2458.494,-704.96
20230113,3195.306,2493.126,-702.18
20230116,3227.592,2539.522,-688.07
20230117,3224.245,2545.555,-678.69
20230118,3224.406,2543.897,-680.51
20230119,3240.279,2571.437,-668.84
20230120,3264.814,2585.963,-678.85
20230130,3269.318,2613.885,-655.43
20230131,3255.669,2580.839,-674.83
20230201,3284.921,2613.689,-671.23
20230202,3285.671,2602.317,-683.35
20230203,3263.406,2580.111,-683.3
20230206,3238.698,2544.091,-694.61
20230207,3248.094,2537.969,-710.12
20230208,3232.106,2525.877,-706.23
20230209,3270.383,2569.733,-700.65
20230210,3260.673,2545.156,-715.52
20230213,3284.16,2573.181,-710.98
20230214,3293.283,2565.155,-728.13
20230215,3280.492,2547.197,-733.3
20230216,3249.03,2512.499,-736.53
20230217,3224.024,2449.351,-774.67
20230220,3290.338,2480.794,-809.54
20230221,3306.524,2469.807,-836.72
20230222,3291.148,2451.898,-839.25
20230223,3287.477,2457.483,-829.99
20230224,3267.16,2428.936,-838.22
20230227,3258.034,2409.794,-848.24
20230228,3279.605,2429.027,-850.58
20230301,3312.348,2443.946,-868.4
20230302,3310.654,2418.598,-892.06
20230303,3328.393,2422.437,-905.96
20230306,3322.026,2431.556,-890.47
20230307,3285.099,2383.731,-901.37
20230308,3283.248,2377.584,-905.66
20230309,3276.094,2372.68,-903.41
20230310,3230.077,2370.359,-859.72
20230313,3268.696,2357.068,-911.63
20230314,3245.312,2343.11,-902.2
20230315,3263.315,2337.464,-925.85
20230316,3226.891,2302.049,-924.84
20230317,3250.546,2293.671,-956.88
20230320,3234.91,2291.918,-942.99
20230321,3255.651,2337.257,-918.39
20230322,3265.748,2341.923,-923.83
20230323,3286.649,2361.409,-925.24
20230324,3265.654,2370.38,-895.27
20230327,3251.397,2398.016,-853.38
20230328,3245.376,2369.172,-876.2
20230329,3240.057,2371.191,-868.87
20230330,3261.249,2383.038,-878.21
20230331,3272.86,2399.503,-873.36
20230403,3296.396,2440.207,-856.19
20230404,3312.558,2421.655,-890.9
20230406,3312.628,2426.567,-886.06
20230407,3327.646,2446.945,-880.7
20230410,3315.358,2443.521,-871.84
20230411,3313.571,2439.396,-874.17
20230412,3327.182,2429.293,-897.89
20230413,3318.364,2405.761,-912.6
20230414,3338.153,2428.09,-910.06
20230417,3385.61,2434.442,-951.17
20230418,3393.331,2431.1,-962.23
20230419,3370.128,2415.76,-954.37
20230420,3367.031,2386.674,-980.36
20230421,3301.258,2341.191,-960.07
20230424,3275.413,2301.238,-974.18
20230425,3264.872,2259.193,-1005.68
20230426,3264.101,2294.057,-970.04
20230427,3285.884,2307.271,-978.61
20230428,3323.275,2324.715,-998.56
20230504,3350.459,2297.67,-1052.79
20230505,3334.503,2267.632,-1066.87
20230508,3395.004,2273.401,-1121.6
20230509,3357.671,2245.823,-1111.85
20230510,3319.151,2262.217,-1056.93
20230511,3309.551,2276.571,-1032.98
20230512,3272.362,2252.38,-1019.98
20230515,3310.737,2299.93,-1010.81
20230516,3290.987,2294.192,-996.8
20230517,3284.232,2293.644,-990.59
20230518,3297.32,2277.974,-1019.35
20230519,3283.542,2278.585,-1004.96
20230522,3296.47,2280.151,-1016.32
20230523,3246.238,2253.331,-992.91
20230524,3204.749,2245.257,-959.49
20230525,3201.261,2244.184,-957.08
20230526,3212.504,2229.268,-983.24
20230529,3221.448,2203.842,-1017.61
20230530,3224.213,2218.603,-1005.61
20230531,3204.564,2193.408,-1011.16
20230601,3204.635,2206.426,-998.21
20230602,3230.069,2233.275,-996.79
20230605,3232.441,2202.136,-1030.3
20230606,3195.34,2164.811,-1030.53
20230607,3197.759,2129.898,-1067.86
20230608,3213.586,2123.961,-1089.62
20230609,3231.406,2143.009,-1088.4
20230612,3228.834,2152.422,-1076.41
20230613,3233.673,2166.962,-1066.71
20230614,3228.989,2163.34,-1065.65
20230615,3252.975,2237.74,-1015.24
20230616,3273.334,2270.065,-1003.27
20230619,3255.806,2265.185,-990.62
20230620,3240.365,2271.419,-968.95
20230621,3197.901,2211.836,-986.06
20230626,3150.619,2186.253,-964.37
20230627,3189.443,2191.828,-997.62
20230628,3189.376,2182.095,-1007.28
20230629,3182.381,2180.063,-1002.32
20230630,3202.062,2215.001,-987.06
20230703,3243.975,2228.211,-1015.76
20230704,3245.349,2232.75,-1012.6
20230705,3222.947,2212.415,-1010.53
20230706,3205.575,2192.187,-1013.39
20230707,3196.609,2169.208,-1027.4
20230710,3203.696,2198.865,-1004.83
20230711,3221.367,2216.779,-1004.59
20230712,3196.134,2196.852,-999.28
20230713,3236.48,2237.515,-998.97
20230714,3237.701,2224.096,-1013.6
20230717,3209.63,2207.445,-1002.18
20230718,3197.82,2200.619,-997.2
20230719,3198.836,2177.247,-1021.59
20230720,3169.522,2155.647,-1013.88
20230721,3167.745,2163.117,-1004.63
20230724,3164.161,2146.929,-1017.23
20230725,3231.521,2192.897,-1038.62
20230726,3223.028,2191.169,-1031.86
20230727,3216.671,2184.097,-1032.57
20230728,3275.926,2219.538,-1056.39
20230731,3291.04,2236.673,-1054.37
20230801,3290.949,2223.796,-1067.15
20230802,3261.69,2218.565,-1043.12
20230803,3280.463,2241.983,-1038.48
20230804,3288.084,2263.373,-1024.71
20230807,3268.831,2240.775,-1028.06
20230808,3260.62,2228.909,-1031.71
20230809,3244.487,2228.731,-1015.76
20230810,3254.56,2239.306,-1015.25
20230811,3189.248,2187.036,-1002.21
20230814,3178.427,2164.693,-1013.73
20230815,3176.176,2148.674,-1027.5
20230816,3150.128,2132.97,-1017.16
20230817,3163.739,2147.061,-1016.68
20230818,3131.953,2118.925,-1013.03
20230821,3092.978,2084.969,-1008.01
20230822,3120.334,2086.941,-1033.39
20230823,3078.402,2038.976,-1039.43
20230824,3082.244,2064.573,-1017.67
20230825,3064.075,2040.399,-1023.68
20230828,3098.636,2060.044,-1038.59
20230829,3135.887,2118.194,-1017.69
20230830,3137.138,2117.126,-1020.01
20230831,3119.876,2102.575,-1017.3
20230901,3133.247,2100.258,-1032.99
20230904,3177.06,2118.034,-1059.03
20230905,3154.369,2111.327,-1043.04
20230906,3158.077,2101.398,-1056.68
20230907,3122.352,2056.98,-1065.37
20230908,3116.719,2049.765,-1066.95
20230911,3142.779,2063.189,-1079.59
20230912,3137.059,2051.039,-1086.02
20230913,3123.067,2027.729,-1095.34
20230914,3126.551,2011.883,-1114.67
20230915,3117.743,2002.728,-1115.01
20230918,3125.932,2020.467,-1105.46
20230919,3124.957,2002.665,-1122.29
20230920,3108.568,1987.296,-1121.27
20230921,3084.701,1967.607,-1117.09
20230922,3132.432,2013.344,-1119.09
20230925,3115.607,2005.255,-1110.35
20230926,3102.273,1989.828,-1112.45
20230927,3107.316,2006.224,-1101.09
20230928,3110.475,2003.908,-1106.57
20231009,3096.922,1998.607,-1098.32
20231010,3075.236,1987.938,-1087.3
20231011,3078.956,2003.902,-1075.05
20231012,3107.901,2019.102,-1088.8
20231013,3088.099,1996.601,-1091.5
20231016,3073.813,1956.723,-1117.09
20231017,3083.496,1961.886,-1121.61
20231018,3058.71,1938.435,-1120.28
20231019,3005.393,1913.702,-1091.69
20231020,2983.059,1896.946,-1086.11
20231023,2939.291,1864.909,-1074.38
20231024,2962.244,1880.814,-1081.43
20231025,2974.114,1863.796,-1110.32
20231026,2988.299,1875.858,-1112.44
20231027,3017.784,1929.909,-1087.88
20231030,3021.553,1977.686,-1043.87
20231031,3018.771,1968.227,-1050.54
20231101,3023.077,1959.127,-1063.95
20231102,3009.406,1939.705,-1069.7
20231103,3030.798,1968.213,-1062.58
20231106,3058.411,2032.335,-1026.08
20231107,3057.27,2022.766,-1034.5
20231108,3052.373,2023.13,-1029.24
20231109,3053.279,2018.385,-1034.89
20231110,3038.97,2005.235,-1033.73
20231113,3046.533,2009.214,-1037.32
20231114,3056.07,2004.813,-1051.26
20231115,3072.835,2015.364,-1057.47
20231116,3050.926,1978.118,-1072.81
20231117,3054.366,1986.526,-1067.84
20231120,3068.319,1992.97,-1075.35
20231121,3067.933,1984.271,-1083.66
20231122,3043.611,1950.008,-1093.6
20231123,3061.856,1961.351,-1100.51
20231124,3040.972,1937.94,-1103.03
20231127,3031.7,1926.201,-1105.5
20231128,3038.555,1938.423,-1100.13
20231129,3021.687,1917.903,-1103.78
20231130,3029.673,1922.591,-1107.08
20231201,3031.636,1926.284,-1105.35
20231204,3022.914,1908.917,-1114.0
20231205,2972.296,1871.096,-1101.2
20231206,2968.933,1881.942,-1086.99
20231207,2966.206,1877.212,-1088.99
20231208,2969.559,1892.178,-1077.38
20231211,2991.439,1915.737,-1075.7
20231212,3003.438,1903.871,-1099.57
20231213,2968.761,1872.341,-1096.42
20231214,2958.986,1860.513,-1098.47
20231215,2942.557,1848.501,-1094.06
20231218,2930.804,1819.996,-1110.81
20231219,2932.391,1827.672,-1104.72
20231220,2902.11,1802.881,-1099.23
20231221,2918.715,1832.616,-1086.1
20231222,2914.775,1825.842,-1088.93
20231225,2918.813,1831.569,-1087.24
20231226,2898.879,1808.5,-1090.38
20231227,2914.614,1809.832,-1104.78
20231228,2954.704,1879.497,-1075.21
20231229,2974.935,1891.367,-1083.57
20240102,2962.276,1855.922,-1106.35
20240103,2967.247,1834.732,-1132.51
20240104,2954.349,1801.761,-1152.59
20240105,2929.183,1775.577,-1153.61
20240108,2887.538,1744.411,-1143.13
20240109,2893.251,1750.775,-1142.48
20240110,2877.702,1743.198,-1134.5
20240111,2886.65,1777.272,-1109.38
20240112,2881.977,1761.16,-1120.82
20240115,2886.291,1745.609,-1140.68
20240116,2893.989,1752.23,-1141.76
20240117,2833.615,1699.62,-1133.99
20240118,2845.784,1732.358,-1113.43
20240119,2832.279,1715.436,-1116.84
20240122,2756.34,1666.88,-1089.46
20240123,2770.976,1687.614,-1083.36
20240124,2820.772,1696.188,-1124.58
20240125,2906.109,1720.783,-1185.33
20240126,2910.223,1682.478,-1227.74
20240129,2883.356,1623.812,-1259.54
20240130,2830.527,1583.771,-1246.76
20240131,2788.548,1573.372,-1215.18
20240201,2770.74,1589.037,-1181.7
20240202,2730.152,1550.374,-1179.78
20240205,2702.185,1562.61,-1139.58
20240206,2789.486,1667.445,-1122.04
20240207,2829.696,1707.02,-1122.68
20240208,2865.903,1726.859,-1139.04
20240219,2910.544,1746.422,-1164.12
20240220,2922.73,1746.176,-1176.55
20240221,2950.956,1752.478,-1198.48
20240222,2988.358,1757.869,-1230.49
20240223,3004.881,1758.193,-1246.69
20240226,2977.022,1751.703,-1225.32
20240227,3015.481,1793.979,-1221.5
20240228,2957.852,1748.97,-1208.88
20240229,3015.171,1807.034,-1208.14
20240301,3027.02,1824.035,-1202.98
20240304,3039.306,1834.833,-1204.47
20240305,3047.793,1833.661,-1214.13
20240306,3039.931,1832.58,-1207.35
20240307,3027.401,1789.936,-1237.46
20240308,3046.019,1807.294,-1238.72
20240311,3068.455,1890.41,-1178.04
20240312,3055.935,1906.037,-1149.9
20240313,3043.835,1895.148,-1148.69
20240314,3038.234,1883.021,-1155.21
20240315,3054.636,1884.088,-1170.55
20240318,3084.926,1926.396,-1158.53
20240319,3062.756,1906.939,-1155.82
20240320,3079.686,1909.245,-1170.44
20240321,3077.113,1897.094,-1180.02
20240322,3048.034,1869.175,-1178.86
20240325,3026.306,1833.441,-1192.86
20240326,3031.481,1841.535,-1189.95
20240327,2993.139,1789.819,-1203.32
20240328,3010.664,1806.897,-1203.77
20240329,3041.167,1818.203,-1222.96
20240401,3077.379,1872.118,-1205.26
20240402,3074.959,1860.494,-1214.46
20240403,3069.296,1840.412,-1228.88
20240408,3047.053,1807.048,-1240.0
20240409,3048.537,1827.579,-1220.96
20240410,3027.335,1789.941,-1237.39
20240411,3034.246,1782.085,-1252.16
20240412,3019.474,1762.877,-1256.6
20240415,3057.378,1795.518,-1261.86
20240416,3007.068,1760.2,-1246.87
20240417,3071.381,1797.311,-1274.07
20240418,3074.225,1787.489,-1286.74
20240419,3065.261,1756.001,-1309.26
20240422,3044.595,1750.463,-1294.13
20240423,3021.978,1753.161,-1268.82
20240424,3044.822,1765.41,-1279.41
20240425,3052.9,1764.727,-1288.17
20240426,3088.636,1823.742,-1264.89
20240429,3113.043,1887.571,-1225.47
20240430,3104.825,1858.393,-1246.43
20240506,3140.72,1895.208,-1245.51
20240507,3147.738,1892.539,-1255.2
20240508,3128.48,1865.108,-1263.37
20240509,3154.32,1900.009,-1254.31
20240510,3154.547,1878.165,-1276.38
20240513,3148.021,1860.366,-1287.66
20240514,3145.774,1855.598,-1290.18
20240515,3119.902,1838.887,-1281.02
20240516,3122.401,1844.211,-1278.19
20240517,3154.026,1864.939,-1289.09
20240520,3171.145,1875.928,-1295.22
20240521,3157.966,1861.482,-1296.48
20240522,3158.54,1877.927,-1280.61
20240523,3116.387,1852.067,-1264.32
20240524,3088.871,1818.562,-1270.31
20240527,3124.043,1830.958,-1293.08
20240528,3109.572,1806.255,-1303.32
20240529,3111.018,1811.068,-1299.95
20240530,3091.678,1813.155,-1278.52
20240531,3086.813,1805.109,-1281.7
20240603,3078.489,1819.455,-1259.03
20240604,3091.199,1843.592,-1247.61
20240605,3065.403,1833.55,-1231.85
20240606,3048.794,1820.449,-1228.34
20240607,3051.279,1781.07,-1270.21
20240611,3028.045,1787.302,-1240.74
20240612,3037.468,1779.418,-1258.05
20240613,3028.919,1777.791,-1251.13
20240614,3032.633,1791.362,-1241.27
20240617,3015.891,1806.193,-1209.7
20240618,3030.246,1811.365,-1218.88
20240619,3018.049,1788.496,-1229.55
20240620,3005.437,1762.701,-1242.74
20240621,2998.138,1755.877,-1242.26
20240624,2963.099,1731.515,-1231.58
20240625,2949.996,1700.025,-1249.97
20240626,2972.525,1730.642,-1241.88
20240627,2945.852,1703.201,-1242.65
20240628,2967.403,1683.43,-1283.97
20240701,2994.73,1682.692,-1312.04
20240702,2997.011,1665.035,-1331.98
20240703,2982.376,1660.124,-1322.25
20240704,2957.567,1647.22,-1310.35
20240705,2949.933,1655.594,-1294.34
20240708,2922.45,1628.758,-1293.69
20240709,2959.372,1652.117,-1307.25
20240710,2939.364,1651.11,-1288.25
20240711,2970.387,1685.118,-1285.27
20240712,2971.295,1683.629,-1287.67
20240715,2974.011,1673.007,-1301.0
20240716,2976.304,1696.336,-1279.97
20240717,2962.855,1696.451,-1266.4
20240718,2977.133,1717.709,-1259.42
20240719,2982.309,1725.487,-1256.82
20240722,2964.216,1723.914,-1240.3
20240723,2915.369,1671.443,-1243.93
20240724,2901.952,1650.908,-1251.04
20240725,2886.742,1644.454,-1242.29
20240726,2890.897,1659.534,-1231.36
20240729,2891.845,1635.675,-1256.17
20240730,2879.3,1630.951,-1248.35
20240731,2938.749,1688.142,-1250.61
20240801,2932.387,1665.973,-1266.41
20240802,2905.338,1638.304,-1267.03
20240805,2860.698,1607.288,-1253.41
20240806,2867.284,1627.355,-1239.93
20240807,2869.834,1620.332,-1249.5
20240808,2869.901,1611.509,-1258.39
20240809,2862.194,1595.642,-1266.55
20240812,2858.205,1592.394,-1265.81
20240813,2867.946,1607.186,-1260.76
20240814,2850.654,1584.328,-1266.33
20240815,2877.358,1592.71,-1284.65
20240816,2879.43,1591.461,-1287.97
20240819,2893.674,1589.287,-1304.39
20240820,2866.661,1567.969,-1298.69
20240821,2856.584,1558.512,-1298.07
20240822,2848.772,1546.631,-1302.14
20240823,2854.368,1546.903,-1307.46
20240826,2855.52,1545.309,-1310.21
20240827,2848.731,1530.744,-1317.99
20240828,2837.429,1531.45,-1305.98
20240829,2823.106,1541.4,-1281.71
20240830,2842.214,1580.46,-1261.75
20240902,2811.035,1536.95,-1274.08
20240903,2802.979,1556.321,-1246.66
20240904,2784.278,1554.64,-1229.64
20240905,2788.314,1564.723,-1223.59
20240906,2765.807,1538.072,-1227.73
20240909,2736.488,1539.038,-1197.45
20240910,2744.192,1539.98,-1204.21
20240911,2721.795,1558.328,-1163.47
20240912,2717.123,1551.814,-1165.31
20240913,2704.09,1535.168,-1168.92
20240918,2717.281,1533.473,-1183.81
20240919,2736.022,1546.474,-1189.55
20240920,2736.814,1536.599,-1200.21
20240923,2748.918,1530.506,-1218.41
20240924,2863.126,1615.322,-1247.8
20240925,2896.306,1641.542,-1254.76
20240926,3000.953,1714.144,-1286.81
20240927,3087.529,1885.489,-1202.04
20240930,3336.497,2175.087,-1161.41
20241008,3489.775,2550.276,-939.5
20241009,3258.858,2280.096,-978.76
20241010,3301.926,2212.909,-1089.02
20241011,3217.738,2100.871,-1116.87
20241014,3284.323,2155.403,-1128.92
20241015,3201.292,2085.986,-1115.31
20241016,3202.948,2039.95,-1163.0
20241017,3169.384,2033.485,-1135.9
20241018,3261.563,2195.101,-1066.46
20241021,3268.11,2210.335,-1057.78
20241022,3285.867,2216.99,-1068.88
20241023,3302.803,2205.302,-1097.5
20241024,3280.263,2175.095,-1105.17
20241025,3299.7,2238.897,-1060.8
20241028,3322.198,2229.118,-1093.08
20241029,3286.407,2177.306,-1109.1
20241030,3266.238,2151.515,-1114.72
20241031,3279.824,2164.462,-1115.36
20241101,3272.014,2123.738,-1148.28
20241104,3310.207,2185.984,-1124.22
20241105,3386.987,2289.841,-1097.15
20241106,3383.806,2265.832,-1117.97
20241107,3470.661,2350.76,-1119.9
20241108,3452.297,2321.587,-1130.71
20241111,3470.066,2392.443,-1077.62
20241112,3421.97,2390.804,-1031.17
20241113,3439.278,2417.252,-1022.03
20241114,3379.839,2334.964,-1044.88
20241115,3330.726,2243.62,-1087.11
20241118,3323.849,2190.95,-1132.9
20241119,3346.01,2256.608,-1089.4
20241120,3367.989,2267.855,-1100.13
20241121,3370.404,2265.866,-1104.54
20241122,3267.192,2175.571,-1091.62
20241125,3263.76,2175.184,-1088.58
20241126,3259.757,2150.097,-1109.66
20241127,3309.779,2208.781,-1101.0
20241128,3295.698,2169.803,-1125.9
20241129,3326.456,2224.003,-1102.45
20241202,3363.982,2255.498,-1108.48
20241203,3378.806,2245.499,-1133.31
20241204,3364.65,2213.406,-1151.24
20241205,3368.855,2221.457,-1147.4
20241206,3404.076,2267.064,-1137.01
20241209,3402.534,2248.627,-1153.91
20241210,3422.661,2264.051,-1158.61
20241211,3432.49,2261.582,-1170.91
20241212,3461.5,2292.145,-1169.36
20241213,3391.878,2235.259,-1156.62
20241216,3386.331,2201.532,-1184.8
20241217,3361.485,2201.181,-1160.3
20241218,3382.208,2202.137,-1180.07
20241219,3370.033,2213.543,-1156.49
20241220,3368.069,2209.662,-1158.41
20241223,3351.257,2187.945,-1163.31
20241224,3393.528,2213.548,-1179.98
20241225,3393.35,2201.296,-1192.05
20241226,3398.077,2209.846,-1188.23
20241227,3400.142,2204.897,-1195.24
20241230,3407.326,2206.285,-1201.04
20241231,3351.763,2141.596,-1210.17
20250102,3262.561,2060.442,-1202.12
20250103,3211.43,2015.967,-1195.46
20250106,3206.923,2014.19,-1192.73
20250107,3229.644,2028.358,-1201.29
20250108,3230.168,2008.444,-1221.72
20250109,3211.393,2010.66,-1200.73
20250110,3168.524,1975.305,-1193.22
20250113,3160.755,1982.46,-1178.3
20250114,3240.94,2075.756,-1165.18
20250115,3227.117,2037.934,-1189.18
20250116,3236.032,2051.351,-1184.68
20250117,3241.821,2067.275,-1174.55
20250120,3244.378,2104.728,-1139.65
20250121,3242.623,2112.39,-1130.23
20250122,3213.624,2101.035,-1112.59
20250123,3230.164,2093.313,-1136.85
20250124,3252.626,2121.839,-1130.79
20250127,3250.601,2063.82,-1186.78
20250205,3229.488,2062.923,-1166.56
20250206,3270.659,2120.745,-1149.91
20250207,3303.667,2174.351,-1129.32
20250210,3322.17,2183.877,-1138.29
20250211,3318.057,2152.732,-1165.32
20250212,3346.385,2191.759,-1154.63
20250213,3332.483,2176.156,-1156.33
20250214,3346.724,2215.298,-1131.43
20250217,3355.83,2226.615,-1129.22
20250218,3324.491,2182.574,-1141.92
20250219,3351.539,2226.982,-1124.56
20250220,3350.783,2225.584,-1125.2
20250221,3379.113,2281.512,-1097.6
20250224,3373.028,2266.244,-1106.78
20250225,3346.04,2240.589,-1105.45
20250226,3380.214,2268.215,-1112.0
20250227,3388.062,2256.508,-1131.55
20250228,3320.897,2170.392,-1150.51
20250303,3316.925,2196.525,-1120.4
20250304,3324.21,2190.078,-1134.13
20250305,3341.965,2190.362,-1151.6
20250306,3381.098,2234.689,-1146.41
20250307,3372.546,2205.307,-1167.24
20250310,3366.163,2199.877,-1166.29
20250311,3379.828,2204.03,-1175.8
20250312,3371.924,2191.268,-1180.66
20250313,3358.729,2166.004,-1192.72
20250314,3419.562,2226.716,-1192.85
20250317,3426.129,2215.127,-1211.0
20250318,3429.759,2228.644,-1201.12
20250319,3426.429,2222.347,-1204.08
20250320,3408.948,2200.032,-1208.92
20250321,3364.831,2152.279,-1212.55
20250324,3370.028,2152.555,-1217.47
20250325,3369.976,2145.479,-1224.5
20250326,3368.697,2139.902,-1228.8
20250327,3373.749,2145.095,-1228.65
20250328,3351.307,2128.209,-1223.1
20250331,3335.746,2103.699,-1232.05
20250401,3348.435,2101.878,-1246.56
20250402,3350.127,2104.625,-1245.5
20250403,3342.008,2065.403,-1276.6
20250407,3096.576,1807.206,-1289.37
20250408,3145.549,1840.312,-1305.24
20250409,3186.81,1858.356,-1328.45
20250410,3223.638,1900.528,-1323.11
20250411,3238.227,1926.37,-1311.86
20250414,3262.808,1932.913,-1329.9
20250415,3267.662,1930.399,-1337.26
20250416,3276.004,1907.11,-1368.89
20250417,3280.341,1908.776,-1371.56
20250418,3276.73,1913.97,-1362.76
20250421,3291.434,1944.318,-1347.12
20250422,3299.757,1928.432,-1371.32
20250423,3296.355,1949.163,-1347.19
20250424,3297.288,1935.858,-1361.43
20250425,3295.06,1947.186,-1347.87
20250428,3288.415,1934.457,-1353.96
20250429,3286.655,1931.942,-1354.71
20250430,3279.031,1948.03,-1331.0
20250506,3316.114,1986.409,-1329.7
20250507,3342.665,1996.51,-1346.16
20250508,3351.996,2029.452,-1322.54
20250509,3341.999,2011.767,-1330.23
20250512,3369.245,2064.714,-1304.53
20250513,3374.871,2062.261,-1312.61
20250514,3403.948,2083.142,-1320.81
20250515,3380.821,2043.247,-1337.57
20250516,3367.462,2039.445,-1328.02
20250519,3367.583,2032.756,-1334.83
20250520,3380.478,2048.459,-1332.02
20250521,3387.574,2065.39,-1322.18
20250522,3380.189,2045.566,-1334.62
20250523,3348.372,2021.499,-1326.87
20250526,3346.839,2005.259,-1341.58
20250527,3340.687,1991.643,-1349.04
20250528,3339.932,1985.383,-1354.55
20250529,3363.446,2012.548,-1350.9
20250530,3347.487,1993.188,-1354.3
20250603,3361.976,2002.701,-1359.28
20250604,3376.203,2024.934,-1351.27
20250605,3384.099,2048.615,-1335.48
20250606,3385.358,2039.435,-1345.92
20250609,3399.772,2061.291,-1338.48
20250610,3384.816,2037.271,-1347.54
20250611,3402.316,2061.867,-1340.45
20250612,3402.658,2067.154,-1335.5
20250613,3376.996,2043.824,-1333.17
20250616,3388.729,2057.323,-1331.41
20250617,3387.405,2049.943,-1337.46
20250618,3388.809,2054.729,-1334.08
20250619,3362.108,2026.817,-1335.29
20250620,3359.895,2009.893,-1350.0
20250623,3381.582,2017.634,-1363.95
20250624,3420.566,2064.135,-1356.43
20250625,3455.974,2128.392,-1327.58
20250626,3448.453,2114.425,-1334.03
20250627,3424.227,2124.345,-1299.88
20250630,3444.426,2153.014,-1291.41
20250701,3457.747,2147.919,-1309.83
20250702,3454.792,2123.719,-1331.07
20250703,3461.151,2164.088,-1297.06
20250704,3472.319,2156.234,-1316.08
20250707,3473.127,2130.186,-1342.94
20250708,3497.475,2181.077,-1316.4
20250709,3493.05,2184.675,-1308.38
20250710,3509.682,2189.577,-1320.1
20250711,3510.177,2207.097,-1303.08
20250714,3519.65,2197.068,-1322.58
20250715,3504.999,2235.049,-1269.95
20250716,3503.777,2230.194,-1273.58
20250717,3516.826,2269.327,-1247.5
20250718,3534.483,2277.152,-1257.33
20250721,3559.791,2296.883,-1262.91
20250722,3581.861,2310.856,-1271.0
20250723,3582.298,2310.671,-1271.63
20250724,3605.727,2345.367,-1260.36
20250725,3593.655,2340.056,-1253.6
20250728,3597.937,2362.6,-1235.34
20250729,3609.711,2406.595,-1203.12
20250730,3615.717,2367.684,-1248.03
20250731,3573.208,2328.313,-1244.9
20250801,3559.952,2322.627,-1237.33
20250804,3583.309,2334.323,-1248.99
20250805,3617.598,2343.376,-1274.22
20250806,3633.995,2358.955,-1275.04
20250807,3639.667,2342.861,-1296.81
20250808,3635.128,2333.959,-1301.17
20250811,3647.547,2379.817,-1267.73
20250812,3665.918,2409.398,-1256.52
20250813,3683.465,2496.504,-1186.96
20250814,3666.443,2469.655,-1196.79
20250815,3696.771,2534.219,-1162.55
20250818,3728.027,2606.202,-1121.82
20250819,3727.288,2601.743,-1125.54
20250820,3766.21,2607.653,-1158.56
20250821,3771.099,2595.465,-1175.63
20250822,3825.759,2682.553,-1143.21
20250825,3883.562,2762.991,-1120.57
20250826,3868.382,2742.127,-1126.26
20250827,3800.35,2723.199,-1077.15
20250828,3843.597,2827.172,-1016.43
20250829,3857.927,2890.125,-967.8
20250901,3875.53,2956.375,-919.16
20250902,3858.133,2872.222,-985.91
20250903,3813.557,2899.373,-914.18
20250904,3765.876,2776.248,-989.63
20250905,3812.514,2958.181,-854.33
20250908,3826.841,2933.246,-893.59
20250909,3807.292,2867.968,-939.32
20250910,3812.221,2904.269,-907.95
20250911,3875.309,3053.749,-821.56
20250912,3870.598,3020.423,-850.18
20250915,3860.504,3066.18,-794.32
20250916,3861.865,3087.04,-774.82
20250917,3876.341,3147.345,-729.0
20250918,3831.656,3095.851,-735.8
20250919,3820.089,3091.004,-729.08
20250922,3828.576,3107.887,-720.69
20250923,3821.833,3114.553,-707.28
20250924,3853.642,3185.571,-668.07
20250925,3853.302,3235.765,-617.54
20250926,3828.106,3151.53,-676.58
20250929,3862.532,3238.012,-624.52
20250930,3882.777,3238.16,-644.62
20251009,3933.972,3261.822,-672.15
20251010,3897.028,3113.262,-783.77
20251013,3889.502,3078.762,-810.74
20251014,3865.229,2955.983,-909.25
20251015,3912.21,3025.867,-886.34
20251016,3916.228,3037.442,-878.79
20251017,3839.755,2935.37,-904.39
20251020,3863.893,2993.455,-870.44
20251021,3916.332,3083.716,-832.62
20251022,3913.758,3059.319,-854.44
20251023,3922.41,3062.163,-860.25
20251024,3950.312,3171.569,-778.74
20251027,3996.945,3234.455,-762.49
20251028,3988.224,3229.575,-758.65
20251029,4016.331,3324.271,-692.06
20251030,3986.901,3263.022,-723.88
20251031,3954.79,3187.533,-767.26
20251103,3976.521,3196.871,-779.65
20251104,3960.186,3134.09,-826.1
20251105,3969.248,3166.231,-803.02
20251106,4007.76,3224.624,-783.14
20251107,3997.556,3208.206,-789.35
20251110,4018.597,3178.827,-839.77
20251111,4002.758,3134.316,-868.44
20251112,4000.14,3122.027,-878.11
20251113,4029.501,3201.754,-827.75
20251114,3990.492,3111.507,-878.99
20251117,3972.035,3105.203,-866.83
20251118,3939.813,3069.22,-870.59
20251119,3946.742,3076.845,-869.9
20251120,3931.051,3042.341,-888.71
20251121,3834.891,2920.078,-914.81
20251124,3836.766,2929.043,-907.72
20251125,3870.023,2980.934,-889.09
20251126,3864.184,3044.695,-819.49
20251127,3875.259,3031.296,-843.96
20251128,3888.596,3052.587,-836.01
20251201,3914.006,3092.499,-821.51
20251202,3897.712,3071.149,-826.56
20251203,3878.0,3036.786,-841.21
20251204,3875.793,3067.484,-808.31
20251205,3902.808,3109.297,-793.51
20251208,3924.078,3190.269,-733.81
20251209,3909.522,3209.603,-699.92
20251210,3900.496,3209.004,-691.49
20251211,3873.318,3163.675,-709.64
20251212,3889.346,3194.359,-694.99
20251215,3867.921,3137.801,-730.12
20251216,3824.812,3071.762,-753.05
20251217,3870.278,3175.908,-694.37
20251218,3876.371,3107.065,-769.31
20251219,3890.448,3122.238,-768.21
20251222,3917.364,3191.985,-725.38
20251223,3919.979,3205.011,-714.97
20251224,3940.947,3229.577,-711.37
20251225,3959.621,3239.343,-720.28
20251226,3963.679,3243.876,-719.8
20251229,3965.28,3222.611,-742.67
20251230,3965.116,3242.905,-722.21
20251231,3968.84,3203.172,-765.67
20260105,4023.417,3294.551,-728.87
20260106,4083.667,3319.291,-764.38
20260107,4085.772,3329.693,-756.08
20260108,4082.979,3302.307,-780.67
20260109,4120.426,3327.813,-792.61
20260112,4165.287,3388.341,-776.95
20260113,4138.759,3321.889,-816.87
20260114,4126.093,3349.138,-776.96
20260115,4112.601,3367.917,-744.68
20260116,4101.913,3361.017,-740.9
20260119,4114.0,3337.608,-776.39
20260120,4113.649,3277.979,-835.67
20260121,4116.94,3295.523,-821.42
20260122,4122.576,3328.647,-793.93
20260123,4136.164,3349.503,-786.66
20260126,4132.605,3319.149,-813.46
20260127,4139.904,3342.599,-797.31
20260128,4151.238,3323.562,-827.68
20260129,4157.985,3304.51,-853.47
20260130,4117.948,3346.355,-771.59
20260202,4015.746,3264.111,-751.64
20260203,4067.738,3324.892,-742.85
20260204,4102.202,3311.515,-790.69
20260205,4075.917,3260.278,-815.64
20260206,4065.583,3236.464,-829.12
20260209,4123.09,3332.77,-790.32
20260210,4128.373,3320.537,-807.84
20260211,4131.985,3284.735,-847.25
20260212,4134.018,3328.062,-805.96
20260213,4082.073,3275.958,-806.11
20260224,4117.409,3308.265,-809.14
20260225,4147.231,3354.819,-792.41
20260226,4146.631,3344.982,-801.65
20260227,4162.882,3310.305,-852.58
20260302,4182.591,3294.161,-888.43
20260303,4122.676,3209.482,-913.19
20260304,4082.474,3164.371,-918.1
20260305,4108.567,3216.939,-891.63
20260306,4124.194,3229.302,-894.89
20260309,4096.602,3208.582,-888.02
20260310,4123.138,3306.141,-817.0
20260311,4133.433,3349.529,-783.9
20260312,4129.103,3317.523,-811.58
20260313,4095.449,3310.278,-785.17
20260316,4084.786,3357.022,-727.76
20260317,4049.907,3280.059,-769.85
20260318,4062.984,3346.365,-716.62
20260319,4006.552,3309.103,-697.45
20260320,3957.053,3352.103,-604.95
20260323,3813.283,3235.221,-578.06
20260324,3881.28,3251.545,-629.74
20260325,3931.838,3316.971,-614.87
20260326,3889.084,3272.488,-616.6
20260327,3913.724,3295.88,-617.84
20260330,3923.287,3273.355,-649.93
20260331,3891.861,3184.952,-706.91
20260401,3948.552,3247.523,-701.03
20260402,3919.285,3172.649,-746.64
20260403,3880.097,3149.596,-730.5
20260407,3890.165,3160.816,-729.35
20260408,3994.998,3347.61,-647.39
20260409,3966.171,3323.299,-642.87
20260410,3986.225,3448.787,-537.44
20260413,3988.558,3476.44,-512.12
20260414,4026.626,3558.527,-468.1
20260415,4027.21,3514.96,-512.25
20260416,4055.547,3626.271,-429.28
20260417,4051.425,3678.293,-373.13
20260420,4082.127,3677.576,-404.55
20260421,4085.077,3688.937,-396.14
20260422,4106.258,3752.759,-353.5
20260423,4093.25,3720.247,-373.0
20260424,4079.9,3667.785,-412.12
20260427,4086.344,3648.788,-437.56
20260428,4078.637,3596.712,-481.93
20260429,4107.514,3687.168,-420.35
20260430,4112.159,3677.149,-435.01
20260506,4160.174,3778.16,-382.01
20260507,4180.092,3833.057,-347.03
20260508,4179.952,3796.128,-383.82
20260511,4225.021,3928.974,-296.05
20260512,4214.489,3934.882,-279.61
20260513,4242.572,4038.333,-204.24
20260514,4177.918,3951.14,-226.78
20260515,4135.389,3929.064,-206.33
20260518,4131.528,3914.875,-216.65
20260519,4169.538,3908.437,-261.1
20260520,4162.185,3921.789,-240.4
20260521,4077.277,3829.779,-247.5
20260522,4112.9,3938.502,-174.4
20260525,4152.569,4021.16,-131.41
20260526,4145.373,4043.066,-102.31
20260527,4093.727,4045.773,-47.95
20260528,4098.636,4125.075,26.44
20260529,4068.569,4037.951,-30.62
20260601,4057.74,3950.943,-106.8
20260602,4075.102,4055.871,-19.23
20260603,4083.974,4122.987,39.01
20260604,4057.781,4088.884,31.1
20260605,4027.736,3957.935,-69.8
20260608,3959.338,3811.785,-147.55
20260609,4010.031,3961.749,-48.28
20260610,3993.226,3854.794,-138.43
20260611,3987.015,3811.246,-175.77
20260612,4031.513,3830.353,-201.16
20260615,4096.472,4033.535,-62.94
20260616,4091.892,4102.942,11.05
20260617,4108.076,4167.048,58.97
20260618,4090.481,4252.39,161.91
20260622,4163.097,4359.392,196.3
20260623,4106.252,4192.195,85.94
20260624,4110.813,4251.424,140.61
20260625,4120.281,4371.989,251.71
20260626,4027.265,4194.209,166.94
20260629,4073.902,4216.699,142.8
20260630,4094.397,4342.712,248.32
20260701,4112.445,4260.721,148.28
20260702,4028.904,4017.274,-11.63
20260703,4043.643,4019.934,-23.71
20260706,4041.238,3948.86,-92.38
20260707,3990.235,3911.908,-78.33
20260708,3970.88,3845.351,-125.53
20260709,4036.588,4018.174,-18.41
20260710,3996.162,3842.731,-153.43
20260713,3913.794,3723.517,-190.28
20260714,3967.126,3851.137,-115.99
20260715,3955.578,3804.704,-150.87
20260716,3882.413,3692.457,-189.96
