code,grade,first,entry_date,last_date,entry_raw,last_raw,ret_raw,ret_qfq,adj_ratio,affected
002409.SZ,A,20260611,20260612,20260724,132.99,153.95,0.15760583502518966,0.15760583502518966,1.0,False
002428.SZ,A,20260611,20260612,20260724,92.26,78.08,-0.1536960763060915,-0.15361636415353497,1.0000941885655081,False
002549.SZ,B,20260611,20260612,20260724,17.35,13.1,-0.24495677233429403,-0.24495677233429414,1.0,False
002859.SZ,B,20260611,20260612,20260724,75.28,59.38,-0.21121147715196598,-0.21121147715196598,1.0,False
300308.SZ,B,20260611,20260612,20260724,1149.0,1046.51,-0.08919930374238472,-0.08919930374238472,1.0,False
300480.SZ,B,20260611,20260612,20260724,36.13,31.66,-0.12371990035981184,-0.12371990035981184,1.0,False
300502.SZ,C,20260611,20260612,20260724,506.46,476.02,-0.06010346325474869,-0.06010346325474858,1.0,False
300666.SZ,B,20260611,20260612,20260724,274.08,229.47,-0.16276269702276702,-0.16276269702276702,1.0,False
301045.SZ,A,20260611,20260612,20260724,53.0,61.41,0.1586792452830188,0.1586792452830188,1.0,False
600183.SH,B,20260611,20260612,20260724,151.28,118.71,-0.21529613960867267,-0.21529613960867267,1.0,False
600378.SH,B,20260611,20260612,20260724,57.15,43.7,-0.2353455818022746,-0.2353455818022746,1.0,False
601958.SH,A,20260611,20260612,20260724,25.52,20.7,-0.18887147335423204,-0.18887147335423204,1.0,False
603186.SH,B,20260611,20260612,20260724,170.3,124.5,-0.2689371697005285,-0.2689371697005285,1.0,False
603993.SH,B,20260611,20260612,20260724,19.11,19.04,-0.00366300366300365,-0.003663003663003761,1.0,False
605358.SH,B,20260611,20260612,20260724,66.1,41.75,-0.3683812405446293,-0.3665873431432699,1.0028401585204756,True
688037.SH,B,20260611,20260612,20260724,255.59,342.0,0.33808051958214325,0.33808051958214325,1.0,False
688126.SH,B,20260611,20260612,20260724,29.59,25.82,-0.12740790807705304,-0.12740790807705304,1.0,False
688138.SH,B,20260611,20260612,20260724,35.32,29.74,-0.1579841449603625,-0.1561113701159651,1.0022241562711536,True
688146.SH,A,20260611,20260612,20260724,302.0,245.67,-0.1865231788079471,-0.1860436758187387,1.0005894488653109,False
688233.SH,B,20260611,20260612,20260724,104.1,104.3,0.0019212295869357465,0.0019212295869357465,1.0,False
688300.SH,B,20260611,20260612,20260724,188.06,123.5,-0.34329469318302674,-0.34329469318302663,1.0,False
688401.SH,B,20260611,20260612,20260724,75.98,66.26,-0.12792840221110813,-0.12792840221110824,1.0,False
688478.SH,B,20260611,20260612,20260724,57.8,43.7,-0.24394463667820065,-0.24394463667820054,1.0,False
688498.SH,C,20260611,20260612,20260724,1400.01,1390.0,-0.007149948928936167,-0.007149948928936167,1.0,False
688519.SH,B,20260611,20260612,20260724,297.19,223.66,-0.24741747703489347,-0.24741747703489358,1.0,False
688530.SH,B,20260611,20260612,20260724,56.68,51.26,-0.09562455892731125,-0.09562455892731136,1.0,False
688535.SH,B,20260611,20260612,20260724,119.04,103.5,-0.13054435483870974,-0.13054435483870985,1.0,False
688549.SH,B,20260611,20260612,20260724,24.85,23.61,-0.04989939637826968,-0.04989939637826968,1.0,False
688733.SH,B,20260611,20260612,20260724,39.2,25.22,-0.3566326530612246,-0.35512151425455685,1.002348796241926,True
688783.SH,B,20260611,20260612,20260724,47.5,34.42,-0.2753684210526316,-0.2753684210526316,1.0,False
002436.SZ,B,20260621,20260622,20260724,53.3,33.8,-0.36585365853658536,-0.36585365853658536,1.0,False
002916.SZ,B,20260621,20260622,20260724,457.34,332.81,-0.27229194909695187,-0.27229194909695187,1.0,False
600552.SH,B,20260621,20260622,20260724,25.65,15.55,-0.3937621832358674,-0.3937621832358674,1.0,False
600703.SH,B,20260621,20260622,20260724,19.29,11.77,-0.38983929497148784,-0.38983929497148784,1.0,False
603773.SH,B,20260621,20260622,20260724,172.02,79.88,-0.5356353912335776,-0.5356353912335776,1.0,False
688048.SH,B,20260621,20260622,20260724,412.37,289.51,-0.2979363193248782,-0.2979363193248782,1.0,False
688396.SH,B,20260621,20260622,20260724,78.2,60.4,-0.2276214833759591,-0.22716395833896175,1.0005923585743906,False
000751.SZ,B,20260622,20260623,20260724,6.03,4.26,-0.2935323383084578,-0.2935323383084577,1.0,False
000960.SZ,B,20260622,20260623,20260724,42.45,30.89,-0.27232037691401656,-0.27232037691401656,1.0,False
002167.SZ,B,20260622,20260623,20260724,19.51,15.56,-0.20246027678113787,-0.20246027678113787,1.0,False
002378.SZ,B,20260622,20260623,20260724,36.47,22.3,-0.38853852481491635,-0.3866262977060413,1.003127305948909,True
002805.SZ,B,20260622,20260623,20260724,29.4,16.53,-0.43775510204081625,-0.43775510204081625,1.0,False
300179.SZ,B,20260622,20260623,20260724,56.99,34.73,-0.3905948412002106,-0.3905948412002106,1.0,False
300769.SZ,B,20260622,20260623,20260724,74.0,42.16,-0.4302702702702703,-0.4302702702702703,1.0,False
301071.SZ,B,20260622,20260623,20260724,98.95,58.5,-0.4087923193532087,-0.4087923193532087,1.0,False
301358.SZ,B,20260622,20260623,20260724,83.92,63.92,-0.2383222116301239,-0.2383222116301239,1.0,False
600172.SH,B,20260622,20260623,20260724,16.95,11.03,-0.34926253687315634,-0.34926253687315634,1.0,False
600961.SH,B,20260622,20260623,20260724,33.1,22.5,-0.3202416918429003,-0.3202416918429003,1.0,False
603738.SH,B,20260622,20260623,20260724,63.25,31.3,-0.5051383399209486,-0.5051383399209486,1.0,False
603906.SH,B,20260622,20260623,20260724,27.46,17.24,-0.372177713037145,-0.372177713037145,1.0,False
000811.SZ,B,20260623,20260624,20260724,48.75,43.25,-0.11282051282051286,-0.11099885781953067,1.0020533105502398,True
002384.SZ,B,20260623,20260624,20260724,257.13,199.18,-0.2253723797300976,-0.2253723797300975,1.0,False
002706.SZ,B,20260623,20260624,20260724,11.94,8.83,-0.26046901172529313,-0.260469011725293,1.0,False
002837.SZ,B,20260623,20260624,20260724,82.86,58.7,-0.29157615254646385,-0.29157615254646385,1.0,False
002843.SZ,B,20260623,20260624,20260724,21.15,16.87,-0.20236406619385328,-0.2023640661938534,1.0,False
002851.SZ,B,20260623,20260624,20260724,170.31,122.27,-0.2820738653044449,-0.28192017329068053,1.00021407775304,False
002897.SZ,B,20260623,20260624,20260724,93.16,59.01,-0.3665736367539717,-0.3665736367539717,1.0,False
300077.SZ,B,20260623,20260624,20260724,25.78,17.27,-0.33010085337470907,-0.33010085337470907,1.0,False
300162.SZ,B,20260623,20260624,20260724,10.65,6.89,-0.3530516431924883,-0.3530516431924884,1.0,False
300373.SZ,B,20260623,20260624,20260724,132.99,90.6,-0.3187457703586737,-0.3187457703586737,1.0,False
300540.SZ,B,20260623,20260624,20260724,26.19,30.2,0.15311187476135912,0.15311187476135935,1.0,False
600141.SH,B,20260623,20260624,20260724,43.16,29.62,-0.31371640407784973,-0.31371640407784984,1.0,False
601179.SH,B,20260623,20260624,20260724,16.26,13.55,-0.16666666666666674,-0.1641208418194161,1.0030549898167007,True
603757.SH,B,20260623,20260624,20260724,73.7,58.86,-0.20135685210312082,-0.20135685210312082,1.0,False
603893.SH,B,20260623,20260624,20260724,185.39,221.8,0.1963967851556181,0.1963967851556181,1.0,False
688055.SH,B,20260623,20260624,20260724,5.5,3.74,-0.31999999999999995,-0.31999999999999995,1.0,False
688106.SH,B,20260623,20260624,20260724,33.43,30.1,-0.09961112772958414,-0.09961112772958425,1.0,False
688268.SH,B,20260623,20260624,20260724,237.53,149.01,-0.3726687155306698,-0.3712224186212304,1.002305475504323,True
688699.SH,B,20260623,20260624,20260724,76.62,49.6,-0.35264943878882804,-0.35264943878882793,1.0,False
000566.SZ,C,20260624,20260625,20260724,4.59,4.82,0.050108932461873756,0.050108932461873756,1.0,False
002821.SZ,C,20260624,20260625,20260724,151.46,158.22,0.04463224613759409,0.05369095489704345,1.0086716725363811,True
300347.SZ,C,20260624,20260625,20260724,43.86,46.95,0.07045143638850893,0.07341104090192352,1.0027648190406468,True
300363.SZ,C,20260624,20260625,20260724,16.35,15.67,-0.041590214067278364,-0.041590214067278364,1.0,False
301257.SZ,C,20260624,20260625,20260724,41.09,43.96,0.06984667802385003,0.07170812545516458,1.0017399198123913,True
301393.SZ,C,20260624,20260625,20260724,56.3,57.85,0.027531083481350027,0.027531083481350027,1.0,False
600460.SH,B,20260624,20260625,20260724,49.86,31.57,-0.36682711592458883,-0.36529673251490413,1.0024170071842535,True
600851.SH,C,20260624,20260625,20260724,9.78,7.45,-0.23824130879345595,-0.23331212088342967,1.0064707996993365,True
603127.SH,C,20260624,20260625,20260724,38.61,45.26,0.17223517223517226,0.17580065596628325,1.0030416112871896,True
603259.SH,C,20260624,20260625,20260724,117.22,125.0,0.06637092646306098,0.06637092646306098,1.0,False
688131.SH,C,20260624,20260625,20260724,91.2,68.15,-0.2527412280701754,-0.25145741615662676,1.001718028562225,True
688202.SH,C,20260624,20260625,20260724,71.49,82.45,0.15330815498671146,0.15330815498671146,1.0,False
688347.SH,B,20260624,20260625,20260724,330.36,329.9,-0.0013924203898778575,-0.0013924203898778575,1.0,False
688356.SH,C,20260624,20260625,20260724,74.15,72.79,-0.018341200269723523,-0.014036098818806297,1.0043855374719812,True
688690.SH,C,20260624,20260625,20260724,45.41,35.21,-0.2246201277251706,-0.2246201277251706,1.0,False
688710.SH,C,20260624,20260625,20260724,65.3,76.9,0.17764165390505382,0.1776416539050536,1.0,False
688981.SH,B,20260624,20260625,20260724,156.86,143.73,-0.08370521484125981,-0.08370521484125981,1.0,False
000066.SZ,C,20260625,20260626,20260724,18.57,14.49,-0.21970920840064623,-0.21970920840064612,1.0,False
000725.SZ,C,20260625,20260626,20260724,7.79,5.79,-0.25673940949935814,-0.25673940949935814,1.0,False
002156.SZ,C,20260625,20260626,20260724,71.6,76.64,0.07039106145251406,0.07039106145251406,1.0,False
002185.SZ,C,20260625,20260626,20260724,22.56,18.59,-0.17597517730496448,-0.17597517730496448,1.0,False
002484.SZ,C,20260625,20260626,20260724,109.0,63.59,-0.41660550458715595,-0.41660550458715584,1.0,False
300223.SZ,C,20260625,20260626,20260724,233.21,143.65,-0.38403155953861323,-0.38403155953861334,1.0,False
600563.SH,B,20260625,20260626,20260724,188.76,126.86,-0.32792964611146425,-0.32792964611146425,1.0,False
600584.SH,B,20260625,20260626,20260724,100.89,82.9,-0.1783130141738527,-0.1783130141738527,1.0,False
600667.SH,C,20260625,20260626,20260724,26.88,16.29,-0.3939732142857143,-0.39272141612260714,1.0020655822359927,True
603986.SH,B,20260625,20260626,20260724,770.0,457.0,-0.40649350649350646,-0.40649350649350646,1.0,False
603989.SH,C,20260625,20260626,20260724,56.0,26.24,-0.5314285714285715,-0.5295777690137426,1.0039498832023785,True
688041.SH,B,20260625,20260626,20260724,344.9,314.28,-0.08877935633516965,-0.08877935633516965,1.0,False
688047.SH,C,20260625,20260626,20260724,144.92,106.92,-0.2622136351090256,-0.2622136351090256,1.0,False
688123.SH,C,20260625,20260626,20260724,189.44,127.52,-0.3268581081081081,-0.3268581081081082,1.0,False
688380.SH,C,20260625,20260626,20260724,62.5,38.23,-0.38832,-0.38832,1.0,False
688525.SH,C,20260625,20260626,20260724,501.05,236.38,-0.5282307154974554,-0.5282307154974554,1.0,False
002364.SZ,B,20260626,20260629,20260724,53.8,36.36,-0.32416356877323416,-0.32416356877323416,1.0,False
300870.SZ,C,20260626,20260629,20260724,332.8,202.97,-0.3901141826923077,-0.3901141826923077,1.0,False
002050.SZ,C,20260630,20260701,20260724,44.21,35.05,-0.20719294277312839,-0.20186450325646677,1.0067209789167364,True
002158.SZ,B,20260630,20260701,20260724,36.42,24.86,-0.31740801757276227,-0.31740801757276227,1.0,False
002281.SZ,B,20260630,20260701,20260724,242.43,186.8,-0.2294683001278719,-0.2294683001278719,1.0,False
002371.SZ,B,20260630,20260701,20260724,935.36,757.0,-0.1906859391036606,-0.18995901781131408,1.0008981943196953,False
300260.SZ,B,20260630,20260701,20260724,103.88,56.18,-0.4591836734693877,-0.458838226561029,1.000638750887154,False
300395.SZ,C,20260630,20260701,20260724,126.17,77.8,-0.38337164143615765,-0.38337164143615765,1.0,False
300466.SZ,C,20260630,20260701,20260724,7.29,6.63,-0.09053497942386834,-0.09053497942386834,1.0,False
688122.SH,C,20260630,20260701,20260724,60.32,49.7,-0.17606100795755963,-0.1697559118646077,1.0076523822198562,True
688158.SH,C,20260630,20260701,20260724,36.81,29.27,-0.20483564248845432,-0.20483564248845432,1.0,False
688316.SH,C,20260630,20260701,20260724,55.3,43.8,-0.20795660036166363,-0.20795660036166363,1.0,False
688361.SH,B,20260630,20260701,20260724,422.0,357.42,-0.15303317535545025,-0.15303317535545025,1.0,False
688409.SH,B,20260630,20260701,20260724,295.34,187.0,-0.3668314485000338,-0.3668314485000338,1.0,False
688596.SH,B,20260630,20260701,20260724,83.66,48.38,-0.4217069089170451,-0.4217069089170451,1.0,False
688629.SH,C,20260630,20260701,20260724,180.55,153.52,-0.14970922182220991,-0.14970922182220991,1.0,False
000657.SZ,B,20260701,20260702,20260724,97.03,55.51,-0.4279088941564465,-0.4264343305187027,1.0025774979241628,True
002173.SZ,C,20260701,20260702,20260724,18.19,18.81,0.03408466190214399,0.03408466190214399,1.0,False
300604.SZ,B,20260701,20260702,20260724,301.46,303.5,0.006767066940887689,0.006767066940887689,1.0,False
301293.SZ,C,20260701,20260702,20260724,51.14,51.55,0.008017207665232728,0.008017207665232728,1.0,False
688343.SH,B,20260701,20260702,20260724,82.34,66.66,-0.19042992470245335,-0.19042992470245335,1.0,False
688626.SH,C,20260701,20260702,20260724,48.78,39.61,-0.1879868798687987,-0.1879868798687987,1.0,False
002929.SZ,C,20260702,20260703,20260724,68.99,49.9,-0.27670676909697056,-0.27587396169236134,1.0011514104778354,False
002979.SZ,C,20260702,20260703,20260724,69.55,58.28,-0.16204169662113588,-0.15864806245342766,1.0040498842890202,True
300442.SZ,B,20260702,20260703,20260724,85.44,64.8,-0.2415730337078652,-0.23933555443253518,1.002950157859324,True
300748.SZ,C,20260702,20260703,20260724,34.25,24.23,-0.2925547445255474,-0.2925547445255475,1.0,False
600547.SH,C,20260702,20260703,20260724,26.08,25.94,-0.005368098159509116,0.0019461865782592902,1.0073537604456824,True
600988.SH,B,20260702,20260703,20260724,31.23,36.49,0.1684277937880243,0.1684277937880243,1.0,False
603667.SH,C,20260702,20260703,20260724,76.15,49.16,-0.3544320420223245,-0.3544320420223245,1.0,False
000975.SZ,C,20260703,20260706,20260724,20.21,21.8,0.07867392380009885,0.07867392380009885,1.0,False
001337.SZ,C,20260703,20260706,20260724,39.08,37.05,-0.0519447287615149,-0.0519447287615149,1.0,False
002463.SZ,C,20260703,20260706,20260724,128.83,112.22,-0.1289295971435226,-0.1289295971435226,1.0,False
002747.SZ,C,20260703,20260706,20260724,46.03,30.04,-0.3473821420812514,-0.3473821420812514,1.0,False
300139.SZ,C,20260703,20260706,20260724,40.5,37.84,-0.06567901234567897,-0.0631626275891598,1.002693276496803,True
600580.SH,C,20260703,20260706,20260724,37.91,28.46,-0.2492745977314692,-0.2492745977314692,1.0,False
601069.SH,C,20260703,20260706,20260724,25.34,22.52,-0.11128650355169689,-0.11128650355169689,1.0,False
603286.SH,C,20260703,20260706,20260724,54.57,37.63,-0.31042697452812895,-0.31042697452812895,1.0,False
688017.SH,C,20260703,20260706,20260724,453.98,295.3,-0.3495308163355214,-0.34920884742831926,1.0004949794937068,False
000021.SZ,C,20260705,20260706,20260724,53.3,41.99,-0.21219512195121948,-0.21219512195121948,1.0,False
000034.SZ,B,20260705,20260706,20260724,28.88,26.67,-0.0765235457063711,-0.0765235457063711,1.0,False
000938.SZ,C,20260705,20260706,20260724,33.31,41.45,0.24437105974181916,0.24437105974181916,1.0,False
000977.SZ,B,20260705,20260706,20260724,69.71,85.31,0.22378424903170302,0.22378424903170302,1.0,False
001309.SZ,B,20260705,20260706,20260724,935.0,399.89,-0.5723101604278076,-0.5723101604278075,1.0,False
002579.SZ,C,20260705,20260706,20260724,17.91,12.17,-0.3204913456169738,-0.3204913456169738,1.0,False
300054.SZ,C,20260705,20260706,20260724,90.56,73.79,-0.1851810954063604,-0.1851810954063603,1.0,False
300394.SZ,C,20260705,20260706,20260724,237.0,203.41,-0.14172995780590714,-0.14172995780590714,1.0,False
300476.SZ,B,20260705,20260706,20260724,292.77,230.01,-0.2143662260477508,-0.2143662260477509,1.0,False
300499.SZ,C,20260705,20260706,20260724,40.3,27.01,-0.32977667493796514,-0.32977667493796514,1.0,False
300846.SZ,C,20260705,20260706,20260724,19.88,18.11,-0.08903420523138827,-0.08903420523138839,1.0,False
301165.SZ,B,20260705,20260706,20260724,102.0,132.0,0.2941176470588236,0.2941176470588234,1.0,False
301308.SZ,C,20260705,20260706,20260724,681.8,370.01,-0.45730419477852735,-0.45730419477852746,1.0,False
600206.SH,C,20260705,20260706,20260724,50.89,44.0,-0.13539005698565532,-0.13539005698565532,1.0,False
600410.SH,C,20260705,20260706,20260724,15.0,12.86,-0.14266666666666672,-0.1420648821447913,1.0007019259586416,False
603019.SH,C,20260705,20260706,20260724,94.56,97.5,0.03109137055837552,0.03109137055837552,1.0,False
603078.SH,C,20260705,20260706,20260724,57.7,32.24,-0.44124783362218367,-0.4412478336221838,1.0,False
603931.SH,C,20260705,20260706,20260724,59.74,32.93,-0.4487780381653833,-0.4487780381653833,1.0,False
688019.SH,C,20260705,20260706,20260724,289.35,256.49,-0.11356488681527566,-0.11356488681527566,1.0,False
688072.SH,B,20260705,20260710,20260724,832.0,791.0,-0.049278846153846145,-0.049278846153846145,1.0,False
688120.SH,B,20260705,20260706,20260724,269.0,263.9,-0.018959107806691522,-0.018959107806691633,1.0,False
688548.SH,B,20260705,20260706,20260724,45.07,38.45,-0.1468826270246283,-0.14688262702462818,1.0,False
688702.SH,C,20260705,20260706,20260724,357.0,390.78,0.09462184873949564,0.09462184873949564,1.0,False
300491.SZ,C,20260706,20260707,20260724,31.93,23.86,-0.25274036955840906,-0.25274036955840906,1.0,False
600188.SH,C,20260706,20260707,20260724,18.19,19.73,0.08466190214403513,0.10055779001653198,1.0146551546072335,True
601101.SH,C,20260706,20260707,20260724,12.33,11.02,-0.10624493106244937,-0.10624493106244937,1.0,False
601225.SH,C,20260706,20260707,20260724,22.87,24.7,0.08001749016178383,0.08001749016178383,1.0,False
601898.SH,C,20260706,20260707,20260724,13.16,13.67,0.03875379939209722,0.03875379939209722,1.0,False
688697.SH,C,20260706,20260707,20260724,14.48,11.43,-0.21063535911602216,-0.21063535911602216,1.0,False
300857.SZ,B,20260708,20260709,20260724,292.36,230.4,-0.21193049664796826,-0.21193049664796826,1.0,False
301396.SZ,B,20260708,20260709,20260724,285.0,179.34,-0.37073684210526314,-0.37073684210526314,1.0,False
603220.SH,C,20260708,20260709,20260724,19.75,18.16,-0.08050632911392408,-0.07674808916285347,1.0040872928983284,True
603629.SH,C,20260708,20260709,20260724,123.35,108.61,-0.11949736522091603,-0.11949736522091614,1.0,False
002745.SZ,C,20260709,20260710,20260724,12.84,10.55,-0.17834890965732075,-0.17834890965732086,1.0,False
003001.SZ,B,20260709,20260710,20260724,14.21,20.39,0.43490499648135117,0.43490499648135095,1.0,False
000547.SZ,C,20260710,20260713,20260724,16.35,13.83,-0.1541284403669726,-0.1541284403669726,1.0,False
000821.SZ,C,20260710,20260713,20260724,7.28,6.83,-0.061813186813186816,-0.061813186813186816,1.0,False
000901.SZ,C,20260710,20260713,20260724,16.14,13.47,-0.16542750929368033,-0.16542750929368033,1.0,False
300255.SZ,C,20260710,20260713,20260724,25.34,25.25,-0.003551696921862635,-0.003551696921862746,1.0,False
300274.SZ,C,20260710,20260713,20260724,108.0,113.42,0.05018518518518511,0.05018518518518511,1.0,False
301590.SZ,C,20260710,20260713,20260724,128.5,99.0,-0.22957198443579763,-0.22957198443579763,1.0,False
600118.SH,C,20260710,20260713,20260724,91.26,57.78,-0.3668639053254438,-0.3667592849933622,1.000165241459082,False
603538.SH,C,20260710,20260713,20260724,33.0,26.17,-0.20696969696969691,-0.20696969696969691,1.0,False
688726.SH,C,20260710,20260713,20260724,44.04,37.32,-0.15258855585831055,-0.15258855585831055,1.0,False
002396.SZ,C,20260712,20260713,20260724,28.99,32.92,0.135563987581925,0.135563987581925,1.0,False
300655.SZ,C,20260712,20260713,20260724,16.66,12.01,-0.2791116446578632,-0.2791116446578632,1.0,False
301018.SZ,C,20260712,20260713,20260724,110.6,85.4,-0.22784810126582267,-0.22784810126582267,1.0,False
603650.SH,C,20260712,20260713,20260724,79.62,63.44,-0.20321527254458682,-0.20321527254458682,1.0,False
300454.SZ,C,20260713,20260714,20260724,105.97,100.05,-0.055864867415306274,-0.055864867415306274,1.0,False
600536.SH,C,20260713,20260714,20260724,31.5,30.56,-0.02984126984126989,-0.02984126984126989,1.0,False
688111.SH,C,20260713,20260714,20260724,222.63,226.93,0.01931455778646196,0.01931455778646196,1.0,False
000554.SZ,C,20260714,20260715,20260724,6.54,6.46,-0.012232415902140636,-0.012232415902140747,1.0,False
300164.SZ,C,20260714,20260715,20260724,10.83,11.94,0.10249307479224368,0.10249307479224368,1.0,False
600403.SH,C,20260714,20260715,20260724,5.63,5.35,-0.04973357015985791,-0.04973357015985791,1.0,False
000568.SZ,C,20260715,20260716,20260724,84.18,83.01,-0.013898788310762633,-0.013898788310762522,1.0,False
000596.SZ,C,20260715,20260716,20260724,90.62,87.52,-0.03420878393290672,0.0034377504937386227,1.0389799925701853,True
000799.SZ,C,20260715,20260716,20260724,39.76,38.04,-0.04325955734406439,-0.04325955734406439,1.0,False
300149.SZ,C,20260715,20260716,20260724,11.09,8.55,-0.22903516681695213,-0.22903516681695213,1.0,False
300759.SZ,C,20260715,20260716,20260724,38.6,38.53,-0.0018134715025907022,-0.0018134715025907022,1.0,False
301359.SZ,C,20260715,20260716,20260724,15.66,14.15,-0.09642401021711366,-0.09642401021711366,1.0,False
600199.SH,C,20260715,20260716,20260724,7.29,6.69,-0.08230452674897115,-0.08230452674897126,1.0,False
600664.SH,C,20260715,20260716,20260724,4.94,5.4,0.09311740890688247,0.09311740890688269,1.0,False
600785.SH,C,20260715,20260716,20260724,9.32,7.72,-0.1716738197424893,-0.1716738197424893,1.0,False
600857.SH,C,20260715,20260716,20260724,21.23,16.82,-0.2077249175694772,-0.2077249175694772,1.0,False
601869.SH,C,20260715,20260716,20260724,401.74,331.65,-0.1744660725842585,-0.1744660725842586,1.0,False
601888.SH,C,20260715,20260716,20260724,54.52,53.2,-0.02421129860601612,-0.02421129860601623,1.0,False
601933.SH,C,20260715,20260716,20260724,3.22,2.99,-0.0714285714285714,-0.0714285714285714,1.0,False
603369.SH,C,20260715,20260716,20260724,26.58,25.52,-0.039879608728367155,-0.039879608728367155,1.0,False
688068.SH,C,20260715,20260716,20260724,143.0,109.76,-0.23244755244755244,-0.23244755244755244,1.0,False
688166.SH,C,20260715,20260716,20260724,42.5,34.81,-0.18094117647058816,-0.18094117647058816,1.0,False
688192.SH,C,20260715,20260716,20260724,64.0,55.6,-0.13124999999999998,-0.13124999999999998,1.0,False
000676.SZ,C,20260716,20260717,20260724,6.84,6.47,-0.05409356725146197,-0.05409356725146197,1.0,False
000892.SZ,C,20260716,20260717,20260724,3.59,2.99,-0.16713091922005563,-0.16713091922005563,1.0,False
300251.SZ,C,20260716,20260717,20260724,12.52,11.12,-0.11182108626198084,-0.11182108626198095,1.0,False
601595.SH,C,20260716,20260717,20260724,17.34,15.87,-0.08477508650519039,-0.08477508650519039,1.0,False
600095.SH,C,20260717,20260720,20260724,9.12,8.53,-0.0646929824561403,-0.0646929824561403,1.0,False
300285.SZ,C,20260721,20260722,20260724,60.23,57.21,-0.05014112568487461,-0.0501411256848745,1.0,False
603663.SH,C,20260721,20260722,20260724,42.06,38.7,-0.07988587731811692,-0.07988587731811692,1.0,False
300014.SZ,B,20260722,20260723,20260724,55.31,53.96,-0.02440788284216233,-0.02440788284216233,1.0,False
600884.SH,B,20260722,20260723,20260724,12.75,12.31,-0.03450980392156855,-0.03450980392156855,1.0,False
601899.SH,B,20260722,20260723,20260724,33.06,31.51,-0.046884452510586816,-0.04688445251058693,1.0,False
688598.SH,B,20260722,20260723,20260724,27.84,26.67,-0.042025862068965414,-0.042025862068965414,1.0,False
002353.SZ,B,20260723,20260724,20260724,137.29,137.29,0.0,0.0,1.0,False
